cc,provider,plan,channel,card_class,rate_bps,fixed_minor,monthly_fee_minor,fee_currency,small_ticket_threshold_minor,small_ticket_monthly_cap_minor,published_breakeven_minor,verified_url,verified_quote,verified_at,confidence,scheme,funding,issuer_region,tier,_traducida,rate_is_blended,online_surface,_ronda,_origen,monthly_minimum_fee_minor,currency,volume_band_min,volume_band_max,pricing_band_basis,txn_count_band_min,txn_count_band_max,source_type,seed_status,note,eligible_mix_prior,source_round,provenance,product,standard_monthly_fee_minor,promo_free_months,installation_fee_minor,deinstallation_fee_minor,comparison_eligible,valid_until
DE,SumUp,payg,in_store,,139,,,,,,,sumup.com/de-de/zahlungen-plus/,,2026-08-19,,any,any,any,any,,true,any,R3,seed_rates_v5.csv,,EUR,,,,,,published,SEEDABLE,,0.9048,R1+R2+R3,primary_verified,,,,,,,
DE,SumUp,plus,in_store,,79,,1900,,1000,,350000,sumup.com/de-de/zahlungen-plus/,,2026-08-19,,any,any,eea,standard,,false,any,R3,seed_rates_v5.csv,,EUR,,,,,,published,SEEDABLE,,0.9048,R1+R2+R3,primary_verified,,,,,,,
DE,SumUp,plus,in_store,,139,,1900,,1000,,,sumup.com/de-de/zahlungen-plus/,,2026-08-19,,any,any,non_eea,premium,,false,any,R3,seed_rates_v5.csv,,EUR,,,,,,published,SEEDABLE,,0.9048,R1+R2+R3,primary_verified,,,,,,,
DE,SumUp,any,online,,250,,,,,,,sumup.com/de-de/zahlungen-plus/,,2026-08-19,,any,any,any,any,,true,any,R3,seed_rates_v5.csv,,EUR,,,,,,published,SEEDABLE,,0.9048,R1+R2+R3,primary_verified,,,,,,,
ES,SumUp,payg,in_store,,149,,,,,,,sumup.com/es-es/pagos-plus/,,2026-08-19,,any,any,any,any,,true,any,R3,seed_rates_v5.csv,,EUR,,,,,,published,SEEDABLE,,0.8024,R1+R2+R3,primary_verified,,,,,,,
ES,SumUp,plus,in_store,,75,,1900,,,,320000,sumup.com/es-es/pagos-plus/,,2026-08-19,,any,any,eea,standard,,false,any,R3,seed_rates_v5.csv,,EUR,,,,,,published,SEEDABLE,,0.8024,R1+R2+R3,primary_verified,,,,,,,
ES,SumUp,plus,in_store,,149,,1900,,,,,sumup.com/es-es/pagos-plus/,,2026-08-19,,any,any,non_eea,premium,,false,any,R3,seed_rates_v5.csv,,EUR,,,,,,published,SEEDABLE,,0.8024,R1+R2+R3,primary_verified,,,,,,,
ES,SumUp,any,online,,195,,,,,,,sumup.com/es-es/pagos-plus/,,2026-08-19,,any,any,any,any,,true,any,R3,seed_rates_v5.csv,,EUR,,,,,,published,SEEDABLE,,0.8024,R1+R2+R3,primary_verified,,,,,,,
PT,SumUp,payg,in_store,,150,,,,,,,sumup.com/pt-pt/pagamentos-plus/,,2026-08-19,,any,any,any,any,,true,any,R3,seed_rates_v5.csv,,EUR,,,,,,published,SEEDABLE,,0.6496,R1+R2+R3,primary_verified,,,,,,,
PT,SumUp,plus,in_store,,75,,1900,,,,390000,sumup.com/pt-pt/pagamentos-plus/,,2026-08-19,,any,any,eea,standard,,false,any,R3,seed_rates_v5.csv,,EUR,,,,,,published,SEEDABLE,,0.6496,R1+R2+R3,primary_verified,,,,,,,
PT,SumUp,plus,in_store,,150,,1900,,,,,sumup.com/pt-pt/pagamentos-plus/,,2026-08-19,,any,any,non_eea,premium,,false,any,R3,seed_rates_v5.csv,,EUR,,,,,,published,SEEDABLE,,0.6496,R1+R2+R3,primary_verified,,,,,,,
PT,SumUp,any,online,,275,,,,,,,sumup.com/pt-pt/pagamentos-plus/,,2026-08-19,,any,any,any,any,,true,any,R3,seed_rates_v5.csv,,EUR,,,,,,published,SEEDABLE,,0.6496,R1+R2+R3,primary_verified,,,,,,,
GB,SumUp,payg,in_store,,169,,,,,,,sumup.com/en-gb/payments-plus/,,2026-08-19,,any,any,any,any,,true,any,R3,seed_rates_v5.csv,,GBP,,,,,,published,SEEDABLE,,0.9048,R1+R2+R3,primary_verified,,,,,,,
GB,SumUp,plus,in_store,,99,,1900,,1000,,300000,sumup.com/en-gb/payments-plus/,,2026-08-19,,any,any,eea,standard,,false,any,R3,seed_rates_v5.csv,,GBP,,,,,,published,SEEDABLE,,0.9048,R1+R2+R3,primary_verified,,,,,,,
GB,SumUp,plus,in_store,,169,,1900,,1000,,,sumup.com/en-gb/payments-plus/,,2026-08-19,,any,any,non_eea,premium,,false,any,R3,seed_rates_v5.csv,,GBP,,,,,,published,SEEDABLE,,0.9048,R1+R2+R3,primary_verified,,,,,,,
GB,SumUp,any,online,,250,,,,,,,sumup.com/en-gb/payments-plus/,,2026-08-19,,any,any,any,any,,true,any,R3,seed_rates_v5.csv,,GBP,,,,,,published,SEEDABLE,,0.9048,R1+R2+R3,primary_verified,,,,,,,
FR,SumUp,payg,in_store,,175,,,,,,,sumup.com/fr-fr/paiements-plus/,,2026-08-19,,any,any,any,any,,true,any,R3,seed_rates_v5.csv,,EUR,,,,,,published,SEEDABLE,,0.8497,R1+R2+R3,primary_verified,,,,,,,
FR,SumUp,plus,in_store,,89,,1900,,1000,,260000,sumup.com/fr-fr/paiements-plus/,,2026-08-19,,any,any,eea,standard,,false,any,R3,seed_rates_v5.csv,,EUR,,,,,,published,SEEDABLE,,0.8497,R1+R2+R3,primary_verified,,,,,,,
FR,SumUp,plus,in_store,,175,,1900,,1000,,,sumup.com/fr-fr/paiements-plus/,,2026-08-19,,any,any,non_eea,premium,,false,any,R3,seed_rates_v5.csv,,EUR,,,,,,published,SEEDABLE,,0.8497,R1+R2+R3,primary_verified,,,,,,,
FR,SumUp,any,online,,250,,,,,,,sumup.com/fr-fr/paiements-plus/,,2026-08-19,,any,any,any,any,,true,any,R3,seed_rates_v5.csv,,EUR,,,,,,published,SEEDABLE,,0.8497,R1+R2+R3,primary_verified,,,,,,,
IT,SumUp,payg,in_store,,195,,,,,,,sumup.com/it-it/pagamenti-plus/,,2026-08-19,,any,any,any,any,,true,any,R3,seed_rates_v5.csv,,EUR,,,,,,published,SEEDABLE,,0.8444,R1+R2+R3,primary_verified,,,,,,,
IT,SumUp,plus,in_store,,95,,1900,,1000,750000,225000,sumup.com/it-it/pagamenti-plus/,,2026-08-19,,any,any,eea,standard,,false,any,R3,seed_rates_v5.csv,,EUR,,,,,,published,SEEDABLE,,0.8444,R1+R2+R3,primary_verified,,,,,,,
IT,SumUp,plus,in_store,,195,,1900,,1000,750000,,sumup.com/it-it/pagamenti-plus/,,2026-08-19,,any,any,non_eea,premium,,false,any,R3,seed_rates_v5.csv,,EUR,,,,,,published,SEEDABLE,,0.8444,R1+R2+R3,primary_verified,,,,,,,
IT,SumUp,any,online,,250,,,,,,,sumup.com/it-it/pagamenti-plus/,,2026-08-19,,any,any,any,any,,true,any,R3,seed_rates_v5.csv,,EUR,,,,,,published,SEEDABLE,,0.8444,R1+R2+R3,primary_verified,,,,,,,
CY,Stripe,standard,online,,150,25,,,,,,https://stripe.com/cy/pricing,1.5% + €0.25,2026-08-19,,any,any,eea,standard,,false,any,R2,CAMBRA_acquiring_gaps.csv,,EUR,,,none,,,published,SEEDABLE,,,,,,,,,,,
CY,Stripe,standard,online,,280,25,,,,,,https://stripe.com/cy/pricing,2.8% + €0.25,2026-08-19,,any,any,eea,premium,,false,any,R2,CAMBRA_acquiring_gaps.csv,,EUR,,,none,,,published,SEEDABLE,,,,,,,,,,,
CY,Stripe,standard,in_store,,140,10,,,,,,https://stripe.com/cy/pricing,1.4% + €0.10,2026-08-19,,any,any,eea,standard,,false,any,R2,CAMBRA_acquiring_gaps.csv,,EUR,,,none,,,published,SEEDABLE,,,,,,,,,,,
CY,Stripe,standard,in_store,,290,10,,,,,,https://stripe.com/cy/pricing,2.9% + €0.10,2026-08-19,,any,any,non_eea,any,,false,any,R2,CAMBRA_acquiring_gaps.csv,,EUR,,,none,,,published,SEEDABLE,Physical Terminal reader.,,,,,,,,,,
HR,Stripe,standard,online,,150,25,,,,,,https://stripe.com/hr/pricing,1.5% + €0.25,2026-08-19,,any,any,eea,standard,,false,any,R2,CAMBRA_acquiring_gaps.csv,,EUR,,,none,,,published,SEEDABLE,,,,,,,,,,,
HR,Stripe,standard,online,,280,25,,,,,,https://stripe.com/hr/pricing,2.8% + €0.25,2026-08-19,,any,any,eea,premium,,false,any,R2,CAMBRA_acquiring_gaps.csv,,EUR,,,none,,,published,SEEDABLE,,,,,,,,,,,
HR,Stripe,standard,in_store,,140,10,,,,,,https://stripe.com/hr/pricing,1.4% + €0.10,2026-08-19,,any,any,eea,standard,,false,any,R2,CAMBRA_acquiring_gaps.csv,,EUR,,,none,,,published,SEEDABLE,,,,,,,,,,,
HR,Stripe,standard,in_store,,290,10,,,,,,https://stripe.com/hr/pricing,2.9% + €0.10,2026-08-19,,any,any,non_eea,any,,false,any,R2,CAMBRA_acquiring_gaps.csv,,EUR,,,none,,,published,SEEDABLE,Physical Terminal reader.,,,,,,,,,,
IT,Stripe,standard,online,,150,25,,,,,,https://stripe.com/it/pricing,1.5% + €0.25,2026-08-19,,any,any,eea,standard,,false,any,R2,CAMBRA_acquiring_gaps.csv,,EUR,,,none,,,published,SEEDABLE,,,,,,,,,,,
IT,Stripe,standard,online,,280,25,,,,,,https://stripe.com/it/pricing,2.8% + €0.25,2026-08-19,,any,any,eea,premium,,false,any,R2,CAMBRA_acquiring_gaps.csv,,EUR,,,none,,,published,SEEDABLE,,,,,,,,,,,
IT,Stripe,standard,in_store,,140,10,,,,,,https://stripe.com/it/pricing,1.4% + €0.10,2026-08-19,,any,any,eea,standard,,false,any,R2,CAMBRA_acquiring_gaps.csv,,EUR,,,none,,,published,SEEDABLE,,,,,,,,,,,
IT,Stripe,standard,in_store,,290,10,,,,,,https://stripe.com/it/pricing,2.9% + €0.10,2026-08-19,,any,any,non_eea,any,,false,any,R2,CAMBRA_acquiring_gaps.csv,,EUR,,,none,,,published,SEEDABLE,Physical Terminal reader.,,,,,,,,,,
LT,Stripe,standard,online,,150,25,,,,,,https://stripe.com/lt/pricing,1.5% + €0.25,2026-08-19,,any,any,eea,standard,,false,any,R2,CAMBRA_acquiring_gaps.csv,,EUR,,,none,,,published,SEEDABLE,,,,,,,,,,,
LT,Stripe,standard,online,,280,25,,,,,,https://stripe.com/lt/pricing,2.8% + €0.25,2026-08-19,,any,any,eea,premium,,false,any,R2,CAMBRA_acquiring_gaps.csv,,EUR,,,none,,,published,SEEDABLE,,,,,,,,,,,
LT,Stripe,standard,in_store,,140,10,,,,,,https://stripe.com/lt/pricing,1.4% + €0.10,2026-08-19,,any,any,eea,standard,,false,any,R2,CAMBRA_acquiring_gaps.csv,,EUR,,,none,,,published,SEEDABLE,,,,,,,,,,,
LT,Stripe,standard,in_store,,290,10,,,,,,https://stripe.com/lt/pricing,2.9% + €0.10,2026-08-19,,any,any,non_eea,any,,false,any,R2,CAMBRA_acquiring_gaps.csv,,EUR,,,none,,,published,SEEDABLE,Physical Terminal reader.,,,,,,,,,,
LU,Stripe,standard,online,,150,25,,,,,,https://stripe.com/lu/pricing,1.5% + €0.25,2026-08-19,,any,any,eea,standard,,false,any,R2,CAMBRA_acquiring_gaps.csv,,EUR,,,none,,,published,SEEDABLE,,,,,,,,,,,
LU,Stripe,standard,online,,280,25,,,,,,https://stripe.com/lu/pricing,2.8% + €0.25,2026-08-19,,any,any,eea,premium,,false,any,R2,CAMBRA_acquiring_gaps.csv,,EUR,,,none,,,published,SEEDABLE,,,,,,,,,,,
LU,Stripe,standard,in_store,,140,10,,,,,,https://stripe.com/lu/pricing,1.4% + €0.10,2026-08-19,,any,any,eea,standard,,false,any,R2,CAMBRA_acquiring_gaps.csv,,EUR,,,none,,,published,SEEDABLE,,,,,,,,,,,
LU,Stripe,standard,in_store,,290,10,,,,,,https://stripe.com/lu/pricing,2.9% + €0.10,2026-08-19,,any,any,non_eea,any,,false,any,R2,CAMBRA_acquiring_gaps.csv,,EUR,,,none,,,published,SEEDABLE,Physical Terminal reader.,,,,,,,,,,
LV,Stripe,standard,online,,150,25,,,,,,https://stripe.com/lv/pricing,1.5% + €0.25,2026-08-19,,any,any,eea,standard,,false,any,R2,CAMBRA_acquiring_gaps.csv,,EUR,,,none,,,published,SEEDABLE,,,,,,,,,,,
LV,Stripe,standard,online,,280,25,,,,,,https://stripe.com/lv/pricing,2.8% + €0.25,2026-08-19,,any,any,eea,premium,,false,any,R2,CAMBRA_acquiring_gaps.csv,,EUR,,,none,,,published,SEEDABLE,,,,,,,,,,,
LV,Stripe,standard,in_store,,140,10,,,,,,https://stripe.com/lv/pricing,1.4% + €0.10,2026-08-19,,any,any,eea,standard,,false,any,R2,CAMBRA_acquiring_gaps.csv,,EUR,,,none,,,published,SEEDABLE,,,,,,,,,,,
LV,Stripe,standard,in_store,,290,10,,,,,,https://stripe.com/lv/pricing,2.9% + €0.10,2026-08-19,,any,any,non_eea,any,,false,any,R2,CAMBRA_acquiring_gaps.csv,,EUR,,,none,,,published,SEEDABLE,Physical Terminal reader.,,,,,,,,,,
MT,Stripe,standard,online,,150,25,,,,,,https://stripe.com/mt/pricing,1.5% + €0.25,2026-08-19,,any,any,eea,standard,,false,any,R2,CAMBRA_acquiring_gaps.csv,,EUR,,,none,,,published,SEEDABLE,,,,,,,,,,,
MT,Stripe,standard,online,,280,25,,,,,,https://stripe.com/mt/pricing,2.8% + €0.25,2026-08-19,,any,any,eea,premium,,false,any,R2,CAMBRA_acquiring_gaps.csv,,EUR,,,none,,,published,SEEDABLE,,,,,,,,,,,
MT,Stripe,standard,in_store,,140,10,,,,,,https://stripe.com/mt/pricing,1.4% + €0.10,2026-08-19,,any,any,eea,standard,,false,any,R2,CAMBRA_acquiring_gaps.csv,,EUR,,,none,,,published,SEEDABLE,,,,,,,,,,,
MT,Stripe,standard,in_store,,290,10,,,,,,https://stripe.com/mt/pricing,2.9% + €0.10,2026-08-19,,any,any,non_eea,any,,false,any,R2,CAMBRA_acquiring_gaps.csv,,EUR,,,none,,,published,SEEDABLE,Physical Terminal reader.,,,,,,,,,,
PT,Stripe,standard,online,,150,25,,,,,,https://stripe.com/pt/pricing,1.5% + €0.25,2026-08-19,,any,any,eea,standard,,false,any,R2,CAMBRA_acquiring_gaps.csv,,EUR,,,none,,,published,SEEDABLE,,,,,,,,,,,
PT,Stripe,standard,online,,280,25,,,,,,https://stripe.com/pt/pricing,2.8% + €0.25,2026-08-19,,any,any,eea,premium,,false,any,R2,CAMBRA_acquiring_gaps.csv,,EUR,,,none,,,published,SEEDABLE,,,,,,,,,,,
PT,Stripe,standard,in_store,,140,10,,,,,,https://stripe.com/pt/pricing,1.4% + €0.10,2026-08-19,,any,any,eea,standard,,false,any,R2,CAMBRA_acquiring_gaps.csv,,EUR,,,none,,,published,SEEDABLE,,,,,,,,,,,
PT,Stripe,standard,in_store,,290,10,,,,,,https://stripe.com/pt/pricing,2.9% + €0.10,2026-08-19,,any,any,non_eea,any,,false,any,R2,CAMBRA_acquiring_gaps.csv,,EUR,,,none,,,published,SEEDABLE,Physical Terminal reader.,,,,,,,,,,
SI,Stripe,standard,online,,150,25,,,,,,https://stripe.com/si/pricing,1.5% + €0.25,2026-08-19,,any,any,eea,standard,,false,any,R2,CAMBRA_acquiring_gaps.csv,,EUR,,,none,,,published,SEEDABLE,,,,,,,,,,,
SI,Stripe,standard,online,,280,25,,,,,,https://stripe.com/si/pricing,2.8% + €0.25,2026-08-19,,any,any,eea,premium,,false,any,R2,CAMBRA_acquiring_gaps.csv,,EUR,,,none,,,published,SEEDABLE,,,,,,,,,,,
SI,Stripe,standard,in_store,,140,10,,,,,,https://stripe.com/si/pricing,1.4% + €0.10,2026-08-19,,any,any,eea,standard,,false,any,R2,CAMBRA_acquiring_gaps.csv,,EUR,,,none,,,published,SEEDABLE,,,,,,,,,,,
SI,Stripe,standard,in_store,,290,10,,,,,,https://stripe.com/si/pricing,2.9% + €0.10,2026-08-19,,any,any,non_eea,any,,false,any,R2,CAMBRA_acquiring_gaps.csv,,EUR,,,none,,,published,SEEDABLE,Physical Terminal reader.,,,,,,,,,,
SK,Stripe,standard,online,,150,25,,,,,,https://stripe.com/sk/pricing,1.5% + €0.25,2026-08-19,,any,any,eea,standard,,false,any,R2,CAMBRA_acquiring_gaps.csv,,EUR,,,none,,,published,SEEDABLE,,,,,,,,,,,
SK,Stripe,standard,online,,280,25,,,,,,https://stripe.com/sk/pricing,2.8% + €0.25,2026-08-19,,any,any,eea,premium,,false,any,R2,CAMBRA_acquiring_gaps.csv,,EUR,,,none,,,published,SEEDABLE,,,,,,,,,,,
SK,Stripe,standard,in_store,,140,10,,,,,,https://stripe.com/sk/pricing,1.4% + €0.10,2026-08-19,,any,any,eea,standard,,false,any,R2,CAMBRA_acquiring_gaps.csv,,EUR,,,none,,,published,SEEDABLE,,,,,,,,,,,
SK,Stripe,standard,in_store,,290,10,,,,,,https://stripe.com/sk/pricing,2.9% + €0.10,2026-08-19,,any,any,non_eea,any,,false,any,R2,CAMBRA_acquiring_gaps.csv,,EUR,,,none,,,published,SEEDABLE,Physical Terminal reader.,,,,,,,,,,
GR,Stripe,standard,online,,150,25,,,,,,https://stripe.com/gr/pricing,1.5% + €0.25,2026-08-19,,any,any,eea,standard,,false,any,R2,CAMBRA_acquiring_gaps.csv,,EUR,,,none,,,published,SEEDABLE,,,,,,,,,,,
GR,Stripe,standard,online,,280,25,,,,,,https://stripe.com/gr/pricing,2.8% + €0.25,2026-08-19,,any,any,eea,premium,,false,any,R2,CAMBRA_acquiring_gaps.csv,,EUR,,,none,,,published,SEEDABLE,,,,,,,,,,,
HU,Stripe,standard,online,,150,85,,,,,,https://stripe.com/hu/pricing,1.5% + 85 HUF,2026-08-19,,any,any,eea,standard,,false,any,R2,CAMBRA_acquiring_gaps.csv,,HUF,,,none,,,published,SEEDABLE,,,,,,,,,,,
HU,Stripe,standard,online,,280,85,,,,,,https://stripe.com/hu/pricing,2.8% + 85 HUF,2026-08-19,,any,any,eea,premium,,false,any,R2,CAMBRA_acquiring_gaps.csv,,HUF,,,none,,,published,SEEDABLE,,,,,,,,,,,
HU,Stripe,standard,in_store,,140,20,,,,,,https://stripe.com/hu/pricing,1.4% + 20 HUF,2026-08-19,,any,any,eea,standard,,false,any,R2,CAMBRA_acquiring_gaps.csv,,HUF,,,none,,,published,SEEDABLE,,,,,,,,,,,
HU,Stripe,standard,in_store,,290,20,,,,,,https://stripe.com/hu/pricing,2.9% + 20 HUF,2026-08-19,,any,any,non_eea,any,,false,any,R2,CAMBRA_acquiring_gaps.csv,,HUF,,,none,,,published,SEEDABLE,,,,,,,,,,,
RO,Stripe,standard,online,,150,100,,,,,,https://stripe.com/ro/pricing,1.5% + 1.00 RON,2026-08-19,,any,any,eea,standard,,false,any,R2,CAMBRA_acquiring_gaps.csv,,RON,,,none,,,published,SEEDABLE,,,,,,,,,,,
RO,Stripe,standard,online,,280,100,,,,,,https://stripe.com/ro/pricing,2.8% + 1.00 RON,2026-08-19,,any,any,eea,premium,,false,any,R2,CAMBRA_acquiring_gaps.csv,,RON,,,none,,,published,SEEDABLE,,,,,,,,,,,
RO,Stripe,standard,in_store,,140,25,,,,,,https://stripe.com/ro/pricing,1.4% + 0.25 RON,2026-08-19,,any,any,eea,standard,,false,any,R2,CAMBRA_acquiring_gaps.csv,,RON,,,none,,,published,SEEDABLE,,,,,,,,,,,
RO,Stripe,standard,in_store,,290,25,,,,,,https://stripe.com/ro/pricing,2.9% + 0.25 RON,2026-08-19,,any,any,non_eea,any,,false,any,R2,CAMBRA_acquiring_gaps.csv,,RON,,,none,,,published,SEEDABLE,,,,,,,,,,,
LT,SumUp,payg,in_store,,169,0,,,,,,https://www.sumup.com/lt-lt/kainodara/,"1,69% operacijos mokestis",2026-08-19,,any,any,any,any,,false,any,R2,CAMBRA_acquiring_gaps.csv,,EUR,,,none,,,published,SEEDABLE,,,,,,,,,,,
LT,SumUp,payg,online,,169,0,,,,,,https://www.sumup.com/lt-lt/kainodara/,"1,69% operacijos mokestis",2026-08-19,,any,any,any,any,,false,payment_link,R2,CAMBRA_acquiring_gaps.csv,,EUR,,,none,,,published,SEEDABLE,,,,,,,,,,,
DK,SumUp,payg,in_store,,89,,,,,,,,,2026-08-19,,any,any,any,any,,true,any,R3,seed_rates_v5.csv,,DKK,,,,,,published,SEEDABLE,Comision general. NO es la tarifa Dankort. | URL_PENDIENTE_REVERIFICACION,,R1+R3,report_table,,,,,,,
IT,UniCredit,published_offer,in_store,,75,0,,,,,,https://www.unicredit.it/it/business/incassi-e-pagamenti/tutti-i-prodotti/acquiring/offerta-pos.html,"0,75% Acquiring Diretto Carte Consumer",2026-08-19,,any,any,domestic,standard,,false,any,R2,CAMBRA_acquiring_gaps.csv,,EUR,,,none,,,published,SEEDABLE,,,,,,,,,,,
IT,UniCredit,published_offer,in_store,,90,0,,,,,,https://www.unicredit.it/it/business/incassi-e-pagamenti/tutti-i-prodotti/acquiring/offerta-pos.html,"0,90%",2026-08-19,,any,any,eea,standard,,false,any,R2,CAMBRA_acquiring_gaps.csv,,EUR,,,none,,,published,SEEDABLE,,,,,,,,,,,
IT,UniCredit,published_offer,in_store,,200,0,,,,,,https://www.unicredit.it/it/business/incassi-e-pagamenti/tutti-i-prodotti/acquiring/offerta-pos.html,"2,00%",2026-08-19,,any,any,non_eea,standard,,false,any,R2,CAMBRA_acquiring_gaps.csv,,EUR,,,none,,,published,SEEDABLE,,,,,,,,,,,
IT,UniCredit,published_offer,in_store,,210,0,,,,,,https://www.unicredit.it/it/business/incassi-e-pagamenti/tutti-i-prodotti/acquiring/offerta-pos.html,"2,10%",2026-08-19,,any,any,any,commercial,,false,any,R2,CAMBRA_acquiring_gaps.csv,,EUR,,,none,,,published,SEEDABLE,,,,,,,,,,,
IT,UniCredit,published_offer,online,,125,0,,,,,,https://www.unicredit.it/it/business/incassi-e-pagamenti/tutti-i-prodotti/acquiring/offerta-pos.html,"1,25%",2026-08-19,,any,any,eea,standard,,false,ecommerce_gateway,R2,CAMBRA_acquiring_gaps.csv,,EUR,,,none,,,published,SEEDABLE,,,,,,,,,,,
IT,UniCredit,published_offer,online,,240,0,,,,,,https://www.unicredit.it/it/business/incassi-e-pagamenti/tutti-i-prodotti/acquiring/offerta-pos.html,"2,40%",2026-08-19,,any,any,non_eea,standard,,false,ecommerce_gateway,R2,CAMBRA_acquiring_gaps.csv,,EUR,,,none,,,published,SEEDABLE,,,,,,,,,,,
IT,UniCredit,published_offer,online,,280,0,,,,,,https://www.unicredit.it/it/business/incassi-e-pagamenti/tutti-i-prodotti/acquiring/offerta-pos.html,"2,80%",2026-08-19,,any,any,any,commercial,,false,ecommerce_gateway,R2,CAMBRA_acquiring_gaps.csv,,EUR,,,none,,,published,SEEDABLE,,,,,,,,,,,
FI,SumUp,plus,in_store,,149,,1900,,,,,https://www.sumup.com/fi-fi/maksut-plus/,"veloitetaan 1,49 %:n palkkio",2026-08-19,,any,any,non_eea,premium,,false,any,R3,patch_v4.csv,,EUR,,,,,,published,SEEDABLE,Use 1.49%. The English 1.99% Solo Lite footnote is cross-locale boilerplate.,,R4,primary_verified,Payments Plus,,,,,true,
SI,SumUp,plus,in_store,,195,,1900,,,,,https://www.sumup.com/sl-si/cene/,zaračuna provizija v višini 1.95%,2026-08-19,,any,any,non_eea,premium,,false,any,R3,patch_v4.csv,,EUR,,,,,,published,SEEDABLE,Use 1.95%. The English 1.99% Solo Lite footnote is cross-locale boilerplate.,,R4,primary_verified,Payments Plus,,,,,true,
LT,SumUp,any,online,,169,,0,,,,,https://www.sumup.com/lt-lt/mokejimu-planas-plus/,"mokėjimams internetu taikomas 1,69% mokestis",2026-08-19,,any,any,any,any,,false,any,R3,patch_v4.csv,,EUR,,,,,,published,SEEDABLE,Separate official online statement; invoice confirmation remains useful but is not required for seeding.,,R4,primary_verified,"Payment Links, Bookings and digital products",,,,,true,
IT,UniCredit,2026_new_subscription_promo,in_store,,75,,1290,,,,,https://www.unicredit.it/it/business/incassi-e-pagamenti/tutti-i-prodotti/acquiring/offerta-pos.html,"Bancomat/BancomatPay 0,75%",2026-08-19,,pagobancomat,debit,domestic,standard,,false,any,R3,patch_v4.csv,,EUR,,,,,,published,SEEDABLE,Promo for new subscriptions signed by 2026-12-31; monthly fee zero only for first 6 months.,,R4,primary_verified,POS_GSM_CORDLESS_WIFI_PUBLIC,6260,6,990,4990,conditional,2028-02-15
IT,UniCredit,2026_new_subscription_promo,in_store,,90,,1290,,,,,https://www.unicredit.it/it/business/incassi-e-pagamenti/tutti-i-prodotti/acquiring/offerta-pos.html,"Carte Consumer EEA 0,90%",2026-08-19,,any,any,eea,standard,,false,any,R3,patch_v4.csv,,EUR,,,,,,published,SEEDABLE,Promo for new subscriptions signed by 2026-12-31; monthly fee zero only for first 6 months.,,R4,primary_verified,POS_GSM_CORDLESS_WIFI_PUBLIC,6260,6,990,4990,conditional,2028-02-15
IT,UniCredit,2026_new_subscription_promo,in_store,,200,,1290,,,,,https://www.unicredit.it/it/business/incassi-e-pagamenti/tutti-i-prodotti/acquiring/offerta-pos.html,"Carte Consumer extra EEA 2,00%",2026-08-19,,any,any,non_eea,standard,,false,any,R3,patch_v4.csv,,EUR,,,,,,published,SEEDABLE,Promo for new subscriptions signed by 2026-12-31; monthly fee zero only for first 6 months.,,R4,primary_verified,POS_GSM_CORDLESS_WIFI_PUBLIC,6260,6,990,4990,conditional,2028-02-15
IT,UniCredit,2026_new_subscription_promo,in_store,,210,,1290,,,,,https://www.unicredit.it/it/business/incassi-e-pagamenti/tutti-i-prodotti/acquiring/offerta-pos.html,"Carte Commercial 2,10%",2026-08-19,,any,any,eea,commercial,,false,any,R3,patch_v4.csv,,EUR,,,,,,published,SEEDABLE,Promo for new subscriptions signed by 2026-12-31; monthly fee zero only for first 6 months.,,R4,primary_verified,POS_GSM_CORDLESS_WIFI_PUBLIC,6260,6,990,4990,conditional,2028-02-15
IT,UniCredit,2026_new_subscription_promo,online,,125,,990,,,,,https://www.unicredit.it/it/business/incassi-e-pagamenti/tutti-i-prodotti/acquiring/offerta-pos.html,"BancomatPay 1,25%",2026-08-19,,pagobancomat,debit,domestic,standard,,false,ecommerce_gateway,R3,patch_v4.csv,,EUR,,,,,,published,SEEDABLE,Promo for new subscriptions signed by 2026-12-31; monthly fee zero only for first 6 months.,,R4,primary_verified,ECOM_BANK_PLATFORM,3200,6,,,conditional,2028-02-15
IT,UniCredit,2026_new_subscription_promo,online,,125,,990,,,,,https://www.unicredit.it/it/business/incassi-e-pagamenti/tutti-i-prodotti/acquiring/offerta-pos.html,"Carte Consumer EEA 1,25%",2026-08-19,,any,any,eea,standard,,false,ecommerce_gateway,R3,patch_v4.csv,,EUR,,,,,,published,SEEDABLE,Promo for new subscriptions signed by 2026-12-31; monthly fee zero only for first 6 months.,,R4,primary_verified,ECOM_BANK_PLATFORM,3200,6,,,conditional,2028-02-15
IT,UniCredit,2026_new_subscription_promo,online,,240,,990,,,,,https://www.unicredit.it/it/business/incassi-e-pagamenti/tutti-i-prodotti/acquiring/offerta-pos.html,"Carte Consumer extra EEA 2,40%",2026-08-19,,any,any,non_eea,standard,,false,ecommerce_gateway,R3,patch_v4.csv,,EUR,,,,,,published,SEEDABLE,Promo for new subscriptions signed by 2026-12-31; monthly fee zero only for first 6 months.,,R4,primary_verified,ECOM_BANK_PLATFORM,3200,6,,,conditional,2028-02-15
IT,UniCredit,2026_new_subscription_promo,online,,280,,990,,,,,https://www.unicredit.it/it/business/incassi-e-pagamenti/tutti-i-prodotti/acquiring/offerta-pos.html,"Carte Commercial 2,80%",2026-08-19,,any,any,eea,commercial,,false,ecommerce_gateway,R3,patch_v4.csv,,EUR,,,,,,published,SEEDABLE,Promo for new subscriptions signed by 2026-12-31; monthly fee zero only for first 6 months.,,R4,primary_verified,ECOM_BANK_PLATFORM,3200,6,,,conditional,2028-02-15
IT,UniCredit,2026_new_subscription_promo,online,,125,,990,,,,,https://www.unicredit.it/it/business/incassi-e-pagamenti/tutti-i-prodotti/acquiring/offerta-pos.html,"BancomatPay 1,25%",2026-08-19,,pagobancomat,debit,domestic,standard,,false,payment_link,R3,patch_v4.csv,,EUR,,,,,,published,SEEDABLE,Promo for new subscriptions signed by 2026-12-31; monthly fee zero only for first 6 months.,,R4,primary_verified,PAYMENT_LINK_BANK_PLATFORM,3200,6,,,conditional,2028-02-15
IT,UniCredit,2026_new_subscription_promo,online,,125,,990,,,,,https://www.unicredit.it/it/business/incassi-e-pagamenti/tutti-i-prodotti/acquiring/offerta-pos.html,"Carte Consumer EEA 1,25%",2026-08-19,,any,any,eea,standard,,false,payment_link,R3,patch_v4.csv,,EUR,,,,,,published,SEEDABLE,Promo for new subscriptions signed by 2026-12-31; monthly fee zero only for first 6 months.,,R4,primary_verified,PAYMENT_LINK_BANK_PLATFORM,3200,6,,,conditional,2028-02-15
IT,UniCredit,2026_new_subscription_promo,online,,240,,990,,,,,https://www.unicredit.it/it/business/incassi-e-pagamenti/tutti-i-prodotti/acquiring/offerta-pos.html,"Carte Consumer extra EEA 2,40%",2026-08-19,,any,any,non_eea,standard,,false,payment_link,R3,patch_v4.csv,,EUR,,,,,,published,SEEDABLE,Promo for new subscriptions signed by 2026-12-31; monthly fee zero only for first 6 months.,,R4,primary_verified,PAYMENT_LINK_BANK_PLATFORM,3200,6,,,conditional,2028-02-15
IT,UniCredit,2026_new_subscription_promo,online,,280,,990,,,,,https://www.unicredit.it/it/business/incassi-e-pagamenti/tutti-i-prodotti/acquiring/offerta-pos.html,"Carte Commercial 2,80%",2026-08-19,,any,any,eea,commercial,,false,payment_link,R3,patch_v4.csv,,EUR,,,,,,published,SEEDABLE,Promo for new subscriptions signed by 2026-12-31; monthly fee zero only for first 6 months.,,R4,primary_verified,PAYMENT_LINK_BANK_PLATFORM,3200,6,,,conditional,2028-02-15
FR,Mollie,Standard,online,,120,25,0,,,,,https://www.mollie.com/pricing?countryCode=fr&currency=EUR,Cartes Bancaires Consumer 1.20% + €0.25,2026-08-20,,Cartes Bancaires,any,domestic,standard,,False,any,R4,patch_online_r5.csv,,EUR,,,,,,published,SEEDABLE,"Payment Links, Invoicing and Checkout included at no extra cost.",,R5,primary_verified,,,,,,,
FR,Mollie,Standard,online,,180,25,0,,,,,https://www.mollie.com/pricing?countryCode=fr&currency=EUR,European Economic Area Consumer Cards 1.80% + €0.25,2026-08-20,,Visa/Mastercard,any,eea,standard,,False,any,R4,patch_online_r5.csv,,EUR,,,,,,published,SEEDABLE,,,R5,primary_verified,,,,,,,
BE,Mollie,Standard,online,,180,25,0,,,,,https://www.mollie.com/be-fr/pricing,"Cartes particuliers EU 1,80% + € 0,25",2026-08-20,,Visa/Mastercard,any,eea,standard,,False,any,R4,patch_online_r5.csv,,EUR,,,,,,published,SEEDABLE,URL localizada be-fr,,R5,primary_verified,,,,,,,
CZ,GoPay,Start,online,,95,0,8000,,,,,https://www.gopay.com/cs/cena/,"Pak 0,95 % + 0 Kč",2026-08-20,,cards,any,any,any,,True,ecommerce_gateway,R4,patch_online_r5.csv,,CZK,,,,,,published,SEEDABLE,Free up to 12 months/limit; standard monthly operation CZK 80 below CZK 50k/month.,,R5,primary_verified,,,,,,,
DE,Mollie,Standard,online,,180,25,0,,,,,https://www.mollie.com/pricing,European Economic Area Consumer Cards 1.80% + €0.25,2026-08-20,,Visa/Mastercard,any,eea,standard,,False,any,R4,patch_online_r5.csv,,EUR,,,,,,published,SEEDABLE,Confirmado con mollie.com/pricing?countryCode=de (cierre 10 mercados),,R5,primary_verified,,,,,,,
PT,Mollie,Standard,online,,180,25,0,,,,,https://www.mollie.com/pricing,European Economic Area Consumer Cards 1.80% + €0.25,2026-08-20,,Visa/Mastercard,any,eea,standard,,False,any,R4,patch_online_r5.csv,,EUR,,,,,,published,SEEDABLE,Confirmado con mollie.com/pricing?countryCode=pt (cierre 10 mercados),,R5,primary_verified,,,,,,,
IT,Mollie,Standard,online,,180,25,0,,,,,https://www.mollie.com/pricing,European Economic Area Consumer Cards 1.80% + €0.25,2026-08-20,,Visa/Mastercard,any,eea,standard,,False,any,R4,patch_online_r5.csv,,EUR,,,,,,published,SEEDABLE,Confirmado con mollie.com/pricing?countryCode=it (cierre 10 mercados),,R5,primary_verified,,,,,,,
GB,Mollie,Standard,online,,120,20,0,,,,,https://www.mollie.com/pricing,European Economic Area Consumer Cards 1.20% + £0.20,2026-08-20,,Visa/Mastercard,any,eea,standard,,False,any,R4,patch_online_r5.csv,,GBP,,,,,,published,SEEDABLE,Primary pricing result in GBP.,,R5,primary_verified,,,,,,,
HR,PayPal,standard,online,,340,,,,,,,https://www.paypal.com/hr/business/paypal-business-fees,,2026-08-20,,any,any,eea,standard,,false,any,R4,patch_online_r5.csv,,EUR,,,,,,published,SEEDABLE,"Tarifario PayPal Croacia: estructura de tarifa TOTAL por mercado, no recargo. +3% FX aparte.",,R6,primary_verified,,,,,,,
HR,PayPal,standard,online,,469,,,,,,,https://www.paypal.com/hr/business/paypal-business-fees,,2026-08-20,,any,any,uk,standard,,false,any,R4,patch_online_r5.csv,,EUR,,,,,,published,SEEDABLE,"Tarifario PayPal Croacia: estructura de tarifa TOTAL por mercado, no recargo. +3% FX aparte.",,R6,primary_verified,,,,,,,
HR,PayPal,standard,online,,539,,,,,,,https://www.paypal.com/hr/business/paypal-business-fees,,2026-08-20,,any,any,non_eea,standard,,false,any,R4,patch_online_r5.csv,,EUR,,,,,,published,SEEDABLE,"Tarifario PayPal Croacia: estructura de tarifa TOTAL por mercado, no recargo. +3% FX aparte.",,R6,primary_verified,,,,,,,
GR,Revolut Business,Basic,online,,280,20,1000,,,,,https://www.revolut.com/en-GR/business/accept-payments-pricing/,American Express all international cards: 2.8% + €0.20 online; 2.6% + €0.02 in-person.,2026-08-20,,any,any,non_eea,amex,,true,gateway|plugins|subscriptions|payment_links|invoices,R5,patch_fino_r7.csv,,EUR,,,none,,,published,SEEDABLE,"La cuota es la del plan Business, no una cuota adicional de acquiring. Fuente de plan localizada: https://www.",,R7,primary_verified,,,,,,,
GR,Revolut Business,Basic,online,,280,20,1000,,,,,https://www.revolut.com/en-GR/business/accept-payments-pricing/,American Express domestic commercial cards: 2.8% + €0.20 online; 2.6% + €0.02 in-person.,2026-08-20,,any,any,domestic,commercial,,true,gateway|plugins|subscriptions|payment_links|invoices,R5,patch_fino_r7.csv,,EUR,,,none,,,published,SEEDABLE,"La cuota es la del plan Business, no una cuota adicional de acquiring. Fuente de plan localizada: https://www.",,R7,primary_verified,,,,,,,
GR,Revolut Business,Basic,online,,170,20,1000,,,,,https://www.revolut.com/en-GR/business/accept-payments-pricing/,American Express domestic consumer cards: 1.7% + €0.20 online; 1.7% + €0.02 in-person.,2026-08-20,,any,any,domestic,consumer_a,,true,gateway|plugins|subscriptions|payment_links|invoices,R5,patch_fino_r7.csv,,EUR,,,none,,,published,SEEDABLE,"La cuota es la del plan Business, no una cuota adicional de acquiring. Fuente de plan localizada: https://www.",,R7,primary_verified,,,,,,,
GR,Revolut Business,Basic,online,,100,20,1000,,,,,https://www.revolut.com/en-GR/business/accept-payments-pricing/,Domestic & European consumer cards: 1% + €0.20 online; 0.8% + €0.02 in-person.,2026-08-20,,any,any,any,consumer_v,,true,gateway|plugins|subscriptions|payment_links|invoices,R5,patch_fino_r7.csv,,EUR,,,none,,,published,SEEDABLE,"La cuota es la del plan Business, no una cuota adicional de acquiring. Fuente de plan localizada: https://www.",,R7,primary_verified,,,,,,,
GR,Revolut Business,Basic,online,,280,20,1000,,,,,https://www.revolut.com/en-GR/business/accept-payments-pricing/,All international cards: 2.8% + €0.20 online; 2.6% + €0.02 in-person.,2026-08-20,,any,any,non_eea,visa_maste,,true,gateway|plugins|subscriptions|payment_links|invoices,R5,patch_fino_r7.csv,,EUR,,,none,,,published,SEEDABLE,"La cuota es la del plan Business, no una cuota adicional de acquiring. Fuente de plan localizada: https://www.",,R7,primary_verified,,,,,,,
GR,Revolut Business,Grow,online,,280,20,3000,,,,,https://www.revolut.com/en-GR/business/accept-payments-pricing/,American Express all international cards: 2.8% + €0.20 online; 2.6% + €0.02 in-person.,2026-08-20,,any,any,non_eea,amex,,true,gateway|plugins|subscriptions|payment_links|invoices,R5,patch_fino_r7.csv,,EUR,,,none,,,published,SEEDABLE,"La cuota es la del plan Business, no una cuota adicional de acquiring. Fuente de plan localizada: https://www.",,R7,primary_verified,,,,,,,
GR,Revolut Business,Grow,online,,280,20,3000,,,,,https://www.revolut.com/en-GR/business/accept-payments-pricing/,American Express domestic commercial cards: 2.8% + €0.20 online; 2.6% + €0.02 in-person.,2026-08-20,,any,any,domestic,commercial,,true,gateway|plugins|subscriptions|payment_links|invoices,R5,patch_fino_r7.csv,,EUR,,,none,,,published,SEEDABLE,"La cuota es la del plan Business, no una cuota adicional de acquiring. Fuente de plan localizada: https://www.",,R7,primary_verified,,,,,,,
GR,Revolut Business,Grow,online,,170,20,3000,,,,,https://www.revolut.com/en-GR/business/accept-payments-pricing/,American Express domestic consumer cards: 1.7% + €0.20 online; 1.7% + €0.02 in-person.,2026-08-20,,any,any,domestic,consumer_a,,true,gateway|plugins|subscriptions|payment_links|invoices,R5,patch_fino_r7.csv,,EUR,,,none,,,published,SEEDABLE,"La cuota es la del plan Business, no una cuota adicional de acquiring. Fuente de plan localizada: https://www.",,R7,primary_verified,,,,,,,
GR,Revolut Business,Grow,online,,100,20,3000,,,,,https://www.revolut.com/en-GR/business/accept-payments-pricing/,Domestic & European consumer cards: 1% + €0.20 online; 0.8% + €0.02 in-person.,2026-08-20,,any,any,any,consumer_v,,true,gateway|plugins|subscriptions|payment_links|invoices,R5,patch_fino_r7.csv,,EUR,,,none,,,published,SEEDABLE,"La cuota es la del plan Business, no una cuota adicional de acquiring. Fuente de plan localizada: https://www.",,R7,primary_verified,,,,,,,
GR,Revolut Business,Grow,online,,280,20,3000,,,,,https://www.revolut.com/en-GR/business/accept-payments-pricing/,All international cards: 2.8% + €0.20 online; 2.6% + €0.02 in-person.,2026-08-20,,any,any,non_eea,visa_maste,,true,gateway|plugins|subscriptions|payment_links|invoices,R5,patch_fino_r7.csv,,EUR,,,none,,,published,SEEDABLE,"La cuota es la del plan Business, no una cuota adicional de acquiring. Fuente de plan localizada: https://www.",,R7,primary_verified,,,,,,,
GR,Revolut Business,Scale,online,,280,20,9000,,,,,https://www.revolut.com/en-GR/business/accept-payments-pricing/,American Express all international cards: 2.8% + €0.20 online; 2.6% + €0.02 in-person.,2026-08-20,,any,any,non_eea,amex,,true,gateway|plugins|subscriptions|payment_links|invoices,R5,patch_fino_r7.csv,,EUR,,,none,,,published,SEEDABLE,"La cuota es la del plan Business, no una cuota adicional de acquiring. Fuente de plan localizada: https://www.",,R7,primary_verified,,,,,,,
GR,Revolut Business,Scale,online,,280,20,9000,,,,,https://www.revolut.com/en-GR/business/accept-payments-pricing/,American Express domestic commercial cards: 2.8% + €0.20 online; 2.6% + €0.02 in-person.,2026-08-20,,any,any,domestic,commercial,,true,gateway|plugins|subscriptions|payment_links|invoices,R5,patch_fino_r7.csv,,EUR,,,none,,,published,SEEDABLE,"La cuota es la del plan Business, no una cuota adicional de acquiring. Fuente de plan localizada: https://www.",,R7,primary_verified,,,,,,,
GR,Revolut Business,Scale,online,,170,20,9000,,,,,https://www.revolut.com/en-GR/business/accept-payments-pricing/,American Express domestic consumer cards: 1.7% + €0.20 online; 1.7% + €0.02 in-person.,2026-08-20,,any,any,domestic,consumer_a,,true,gateway|plugins|subscriptions|payment_links|invoices,R5,patch_fino_r7.csv,,EUR,,,none,,,published,SEEDABLE,"La cuota es la del plan Business, no una cuota adicional de acquiring. Fuente de plan localizada: https://www.",,R7,primary_verified,,,,,,,
GR,Revolut Business,Scale,online,,100,20,9000,,,,,https://www.revolut.com/en-GR/business/accept-payments-pricing/,Domestic & European consumer cards: 1% + €0.20 online; 0.8% + €0.02 in-person.,2026-08-20,,any,any,any,consumer_v,,true,gateway|plugins|subscriptions|payment_links|invoices,R5,patch_fino_r7.csv,,EUR,,,none,,,published,SEEDABLE,"La cuota es la del plan Business, no una cuota adicional de acquiring. Fuente de plan localizada: https://www.",,R7,primary_verified,,,,,,,
GR,Revolut Business,Scale,online,,280,20,9000,,,,,https://www.revolut.com/en-GR/business/accept-payments-pricing/,All international cards: 2.8% + €0.20 online; 2.6% + €0.02 in-person.,2026-08-20,,any,any,non_eea,visa_maste,,true,gateway|plugins|subscriptions|payment_links|invoices,R5,patch_fino_r7.csv,,EUR,,,none,,,published,SEEDABLE,"La cuota es la del plan Business, no una cuota adicional de acquiring. Fuente de plan localizada: https://www.",,R7,primary_verified,,,,,,,
GR,Viva.com,Default consumer pack (blended),in_store,,169,0,,,,,,https://www.viva.com/el-gr/pricing,"Παρουσία Κάρτας — Ανά συναλλαγή 1,69% — Online Πληρωμές 2,19% + 0,24€; Ισχύει ελάχιστη χρέωση 0,03€ ανά συναλλ",2026-08-20,,any,any,any,standard,,true,any,R5,patch_fino_r7.csv,,EUR,,,,,,published,SEEDABLE,"Published consumer pack total is 1,69%. The rendered HTML price cell spans Interchange + Scheme + Viva.com acq",,R7,primary_verified,,,,,,,
GR,Viva.com,Default IC++ other cards,in_store,,116,0,,,,,,https://www.viva.com/el-gr/pricing,"Visa | ✓ | ✓ | 1,16% | –; Ισχύει ελάχιστη χρέωση 0,03€ ανά συναλλαγή.",2026-08-20,,any,any,any,commercial,,false,any,R5,patch_fino_r7.csv,,EUR,,,,,,published,SEEDABLE,rate_bps is Viva.com acquiring margin only; interchange and scheme are added separately. Non-EEA +0.40% is pub,,R7,primary_verified,,,,,,,
GR,Viva.com,Statutory low-ticket domestic consumer,in_store,,50,0,,,,,,https://www.viva.com/el-gr/pricing,"0,50% για συναλλαγές με εγχώριες καταναλωτικές κάρτες, αξίας έως και 20€ (Νόμος 5167/2024).",2026-08-20,,any,any,domestic,standard,,true,any,R5,patch_fino_r7.csv,,EUR,,,,,,published,SEEDABLE,"Published total 0,50%; component split is not published. rate_bps stores the total and rate_is_blended=true.",,R7,primary_verified,,,,,,,
GR,Viva.com,Default consumer pack (blended),moto,,219,24,,,,,,https://www.viva.com/el-gr/pricing,"Παρουσία Κάρτας — Ανά συναλλαγή 1,69% — Online Πληρωμές 2,19% + 0,24€; Ισχύει ελάχιστη χρέωση 0,03€ ανά συναλλ",2026-08-20,,any,any,any,standard,,true,virtual_terminal_moto,R5,patch_fino_r7.csv,,EUR,,,,,,published,SEEDABLE,"Published consumer pack total is 2,19% + 0,24€. The rendered HTML price cell spans Interchange + Scheme + Viva",,R7,primary_verified,,,,,,,
GR,Viva.com,Default IC++ other cards,moto,,206,24,,,,,,https://www.viva.com/el-gr/pricing,"Visa | ✓ | ✓ | 2,06% | 0,24€; Αφορά Virtual Τερματικό και MOTO.",2026-08-20,,any,any,any,commercial,,false,virtual_terminal_moto,R5,patch_fino_r7.csv,,EUR,,,,,,published,SEEDABLE,rate_bps is Viva.com acquiring margin only; interchange and scheme are added separately. Fixed processing fee ,,R7,primary_verified,,,,,,,
GR,Viva.com,Default consumer pack (blended),online,,219,24,,,,,,https://www.viva.com/el-gr/pricing,"Παρουσία Κάρτας — Ανά συναλλαγή 1,69% — Online Πληρωμές 2,19% + 0,24€; Ισχύει ελάχιστη χρέωση 0,03€ ανά συναλλ",2026-08-20,,any,any,any,standard,,true,smart_checkout,R5,patch_fino_r7.csv,,EUR,,,,,,published,SEEDABLE,"Published consumer pack total is 2,19% + 0,24€. The rendered HTML price cell spans Interchange + Scheme + Viva",,R7,primary_verified,,,,,,,
GR,Viva.com,Default IC++ other cards,online,,206,24,,,,,,https://www.viva.com/el-gr/pricing,"Visa | ✓ | ✓ | 2,06% | 0,24€.",2026-08-20,,any,any,any,commercial,,false,smart_checkout,R5,patch_fino_r7.csv,,EUR,,,,,,published,SEEDABLE,rate_bps is Viva.com acquiring margin only; interchange and scheme are added separately. Fixed processing fee ,,R7,primary_verified,,,,,,,
GR,Worldline Greece,Easy Advance A80,in_store,,0,0,2900,,,,,https://www.eurobank.gr/el/business/proionta-kai-upiresies/proionta-upiresies/tropoi-eispraksis/eurobank-merchant-services/easy-paketa-sunallagon,Easy Advance: έως 12.000€ ανά 6μηνο. Κόστος με ενσύρματο POS A80: 174€ (29€ / μήνα). Έως και 0% προμήθεια.,2026-08-20,,any,any,any,standard,,true,any,R5,patch_fino_r7.csv,,EUR,,1200000,gmv_6_months,,,published,SEEDABLE,Precio prepagado por seis meses; terminal incluido.,,R7,primary_verified,,,,,,,
GR,Worldline Greece,Easy Advance A920Pro,in_store,,0,0,3400,,,,,https://www.eurobank.gr/el/business/proionta-kai-upiresies/proionta-upiresies/tropoi-eispraksis/eurobank-merchant-services/easy-paketa-sunallagon,Easy Advance: έως 12.000€ ανά 6μηνο. Κόστος με ασύρματο POS A920Pro: 204€ (34€ / μήνα). Έως και 0% προμήθεια.,2026-08-20,,any,any,any,standard,,true,any,R5,patch_fino_r7.csv,,EUR,,1200000,gmv_6_months,,,published,SEEDABLE,Precio prepagado por seis meses; terminal incluido.,,R7,primary_verified,,,,,,,
GR,Worldline Greece,Easy Classic A80,in_store,,0,0,1900,,,,,https://www.eurobank.gr/el/business/proionta-kai-upiresies/proionta-upiresies/tropoi-eispraksis/eurobank-merchant-services/easy-paketa-sunallagon,Easy Classic: έως 6.000€ ανά 6μηνο. Κόστος με ενσύρματο POS A80: 114€ (19€ / μήνα). Έως και 0% προμήθεια ... μ,2026-08-20,,any,any,any,standard,,true,any,R5,patch_fino_r7.csv,,EUR,,600000,gmv_6_months,,,published,SEEDABLE,Precio prepagado por seis meses; terminal incluido; sin IVA según tarifario regulado.,,R7,primary_verified,,,,,,,
GR,Worldline Greece,Easy Classic A920Pro,in_store,,0,0,2400,,,,,https://www.eurobank.gr/el/business/proionta-kai-upiresies/proionta-upiresies/tropoi-eispraksis/eurobank-merchant-services/easy-paketa-sunallagon,Easy Classic: έως 6.000€ ανά 6μηνο. Κόστος με ασύρματο POS A920Pro: 144€ (24€ / μήνα). Έως και 0% προμήθεια.,2026-08-20,,any,any,any,standard,,true,any,R5,patch_fino_r7.csv,,EUR,,600000,gmv_6_months,,,published,SEEDABLE,Precio prepagado por seis meses; terminal incluido.,,R7,primary_verified,,,,,,,
GR,Worldline Greece,Easy Premium A80,in_store,,0,0,4900,,,,,https://www.eurobank.gr/el/business/proionta-kai-upiresies/proionta-upiresies/tropoi-eispraksis/eurobank-merchant-services/easy-paketa-sunallagon,Easy Premium: έως 24.000€ ανά 6μηνο. Κόστος με ενσύρματο POS A80: 294€ (49€ / μήνα). Έως και 0% προμήθεια.,2026-08-20,,any,any,any,standard,,true,any,R5,patch_fino_r7.csv,,EUR,,2400000,gmv_6_months,,,published,SEEDABLE,Precio prepagado por seis meses; terminal incluido.,,R7,primary_verified,,,,,,,
GR,Worldline Greece,Easy Premium A920Pro,in_store,,0,0,5400,,,,,https://www.eurobank.gr/el/business/proionta-kai-upiresies/proionta-upiresies/tropoi-eispraksis/eurobank-merchant-services/easy-paketa-sunallagon,Easy Premium: έως 24.000€ ανά 6μηνο. Κόστος με ασύρματο POS A920Pro: 324€ (54€ / μήνα). Έως και 0% προμήθεια.,2026-08-20,,any,any,any,standard,,true,any,R5,patch_fino_r7.csv,,EUR,,2400000,gmv_6_months,,,published,SEEDABLE,Precio prepagado por seis meses; terminal incluido.,,R7,primary_verified,,,,,,,
GR,Worldline Greece,Smart POS iPhone 1 año,in_store,,250,5,,,,,,https://worldline.com/el-gr/campaigns/ms/tap-to-pay-on-iphone,"24,19€ (+ΦΠΑ) για 1 χρόνο. Εταιρικές κάρτες: 2,50%. ... 0,05€ ανά συναλλαγή.",2026-08-20,,any,any,any,business,,true,tap_to_pay,R5,patch_fino_r7.csv,,EUR,,,subscription,,,published,SEEDABLE,Tarifa corporativa separada.,,R7,primary_verified,,,,,,,
GR,Worldline Greece,Smart POS iPhone 1 año,in_store,,115,5,,,,,,https://worldline.com/el-gr/campaigns/ms/tap-to-pay-on-iphone,"24,19€ (+ΦΠΑ) για 1 χρόνο. Ελληνικές κάρτες: 1,15%. Οι συναλλαγές Smart POS app επιβαρύνονται με κόστος εφαρμο",2026-08-20,,any,any,any,standard,,true,tap_to_pay,R5,patch_fino_r7.csv,,EUR,,,subscription,,,published,SEEDABLE,El coste total anual se conserva en nota; no se fuerza una cuota mensual redondeada.,,R7,primary_verified,,,,,,,
GR,Worldline Greece,Smart POS iPhone 1 año,in_store,,115,5,,,,,,https://worldline.com/el-gr/campaigns/ms/tap-to-pay-on-iphone,"24,19€ (+ΦΠΑ) για 1 χρόνο. Κάρτες Ευρωπαϊκού Οικονομικού Χώρου (ΕΟΧ): 1,15%. ... 0,05€ ανά συναλλαγή.",2026-08-20,,any,any,eea,standard,,true,tap_to_pay,R5,patch_fino_r7.csv,,EUR,,,subscription,,,published,SEEDABLE,No se presupone que la clase EEA incluya tarjetas corporativas; estas tienen fila propia.,,R7,primary_verified,,,,,,,
GR,Worldline Greece,Smart POS iPhone 1 año,in_store,,200,5,,,,,,https://worldline.com/el-gr/campaigns/ms/tap-to-pay-on-iphone,"24,19€ (+ΦΠΑ) για 1 χρόνο. Κάρτες εκτός ΕΟΧ: 2,00%. ... 0,05€ ανά συναλλαγή.",2026-08-20,,any,any,non_eea,standard,,true,tap_to_pay,R5,patch_fino_r7.csv,,EUR,,,subscription,,,published,SEEDABLE,Tarifa publicada y localizada en Grecia.,,R7,primary_verified,,,,,,,
GR,Worldline Greece,Smart POS iPhone 2 años,in_store,,250,5,,,,,,https://worldline.com/el-gr/campaigns/ms/tap-to-pay-on-iphone,"44,35€ (+ΦΠΑ) για 2 χρόνια. Εταιρικές κάρτες: 2,50%. ... 0,05€ ανά συναλλαγή.",2026-08-20,,any,any,any,business,,true,tap_to_pay,R5,patch_fino_r7.csv,,EUR,,,subscription,,,published,SEEDABLE,Tarifa corporativa separada.,,R7,primary_verified,,,,,,,
GR,Worldline Greece,Smart POS iPhone 2 años,in_store,,115,5,,,,,,https://worldline.com/el-gr/campaigns/ms/tap-to-pay-on-iphone,"44,35€ (+ΦΠΑ) για 2 χρόνια. Ελληνικές κάρτες: 1,15%. ... 0,05€ ανά συναλλαγή.",2026-08-20,,any,any,any,standard,,true,tap_to_pay,R5,patch_fino_r7.csv,,EUR,,,subscription,,,published,SEEDABLE,El coste total de dos años no se convierte en cuota mensual.,,R7,primary_verified,,,,,,,
GR,Worldline Greece,Smart POS iPhone 2 años,in_store,,115,5,,,,,,https://worldline.com/el-gr/campaigns/ms/tap-to-pay-on-iphone,"44,35€ (+ΦΠΑ) για 2 χρόνια. Κάρτες Ευρωπαϊκού Οικονομικού Χώρου (ΕΟΧ): 1,15%. ... 0,05€ ανά συναλλαγή.",2026-08-20,,any,any,eea,standard,,true,tap_to_pay,R5,patch_fino_r7.csv,,EUR,,,subscription,,,published,SEEDABLE,Tarifa localizada.,,R7,primary_verified,,,,,,,
GR,Worldline Greece,Smart POS iPhone 2 años,in_store,,200,5,,,,,,https://worldline.com/el-gr/campaigns/ms/tap-to-pay-on-iphone,"44,35€ (+ΦΠΑ) για 2 χρόνια. Κάρτες εκτός ΕΟΧ: 2,00%. ... 0,05€ ανά συναλλαγή.",2026-08-20,,any,any,non_eea,standard,,true,tap_to_pay,R5,patch_fino_r7.csv,,EUR,,,subscription,,,published,SEEDABLE,Tarifa localizada.,,R7,primary_verified,,,,,,,
GR,Worldline Greece,Online estándar,online,,250,,,,,,,https://www.merchant-shop.gr/commissions/,"Προμήθειες online συναλλαγών (e-Commerce Gateway, Payment Link, Live-Pay). Εταιρικές κάρτες: 2,50%.",2026-08-20,,any,any,any,business,,true,e-Commerce Gateway|Payment Link|Live-Pay,R5,patch_fino_r7.csv,,EUR,,,standard,,,published,SEEDABLE,Página oficial temporalmente caída; cifra conservada del índice del mismo URL.,,R7,primary_weak,,,,,,,
GR,Worldline Greece,Online estándar,online,,200,,,,,,,https://www.merchant-shop.gr/commissions/,"Προμήθειες online συναλλαγών (e-shop, app, payment links). Κάρτες Ευρωπαϊκού Οικονομικού Χώρου (ΕΟΧ): 2,00%.",2026-08-20,,any,any,any,standard,,true,e-Commerce Gateway|Payment Link|Live-Pay,R5,patch_fino_r7.csv,,EUR,,,standard,,,published,SEEDABLE,La web oficial estaba temporalmente fuera de servicio del 07/08/2026 al 24/08/2026; se conserva solo la cifra ,,R7,primary_weak,,,,,,,
GR,Worldline Greece,Online estándar,online,,250,,,,,,,https://www.merchant-shop.gr/commissions/,"Προμήθειες online συναλλαγών (e-shop, app, payment links). Κάρτες εκτός ΕΟΧ: 2,50%.",2026-08-20,,any,any,non_eea,standard,,true,e-Commerce Gateway|Payment Link|Live-Pay,R5,patch_fino_r7.csv,,EUR,,,standard,,,published,SEEDABLE,No se inventa fijo por operación: el fragmento indexado no lo mostró.,,R7,primary_weak,,,,,,,
CY,Revolut Business,Basic,in_store,,260,2,1000,,,,,https://www.revolut.com/en-CY/business/accept-payments-pricing/,American Express all international cards: 2.8% + €0.20 online; 2.6% + €0.02 in-person. Revolut Terminal €189 +,2026-08-20,,any,any,non_eea,amex,,true,any,R5,patch_fino_r7.csv,,EUR,,,none,,,published,SEEDABLE,"Canal: Revolut Terminal/Lite. Revolut Terminal €189 + VAT; Lite Terminal €139 + VAT, pago único. Tap to Pay añ",,R7,primary_verified,,,,,,,
CY,Revolut Business,Basic,in_store,,260,2,1000,,,,,https://www.revolut.com/en-CY/business/accept-payments-pricing/,American Express domestic commercial cards: 2.8% + €0.20 online; 2.6% + €0.02 in-person. Revolut Terminal €189,2026-08-20,,any,any,domestic,commercial,,true,any,R5,patch_fino_r7.csv,,EUR,,,none,,,published,SEEDABLE,"Canal: Revolut Terminal/Lite. Revolut Terminal €189 + VAT; Lite Terminal €139 + VAT, pago único. Tap to Pay añ",,R7,primary_verified,,,,,,,
CY,Revolut Business,Basic,in_store,,170,2,1000,,,,,https://www.revolut.com/en-CY/business/accept-payments-pricing/,American Express domestic consumer cards: 1.7% + €0.20 online; 1.7% + €0.02 in-person. Revolut Terminal €189 +,2026-08-20,,any,any,domestic,consumer_a,,true,any,R5,patch_fino_r7.csv,,EUR,,,none,,,published,SEEDABLE,"Canal: Revolut Terminal/Lite. Revolut Terminal €189 + VAT; Lite Terminal €139 + VAT, pago único. Tap to Pay añ",,R7,primary_verified,,,,,,,
CY,Revolut Business,Basic,in_store,,80,2,1000,,,,,https://www.revolut.com/en-CY/business/accept-payments-pricing/,Domestic & European consumer cards: 1% + €0.20 online; 0.8% + €0.02 in-person. Revolut Terminal €189 + VAT; Li,2026-08-20,,any,any,any,consumer_v,,true,any,R5,patch_fino_r7.csv,,EUR,,,none,,,published,SEEDABLE,"Canal: Revolut Terminal/Lite. Revolut Terminal €189 + VAT; Lite Terminal €139 + VAT, pago único. Tap to Pay añ",,R7,primary_verified,,,,,,,
CY,Revolut Business,Basic,in_store,,260,2,1000,,,,,https://www.revolut.com/en-CY/business/accept-payments-pricing/,All international cards: 2.8% + €0.20 online; 2.6% + €0.02 in-person. Revolut Terminal €189 + VAT; Lite Termin,2026-08-20,,any,any,non_eea,visa_maste,,true,any,R5,patch_fino_r7.csv,,EUR,,,none,,,published,SEEDABLE,"Canal: Revolut Terminal/Lite. Revolut Terminal €189 + VAT; Lite Terminal €139 + VAT, pago único. Tap to Pay añ",,R7,primary_verified,,,,,,,
CY,Revolut Business,Grow,in_store,,260,2,3500,,,,,https://www.revolut.com/en-CY/business/accept-payments-pricing/,American Express all international cards: 2.8% + €0.20 online; 2.6% + €0.02 in-person. Revolut Terminal €189 +,2026-08-20,,any,any,non_eea,amex,,true,any,R5,patch_fino_r7.csv,,EUR,,,none,,,published,SEEDABLE,"Canal: Revolut Terminal/Lite. Revolut Terminal €189 + VAT; Lite Terminal €139 + VAT, pago único. Tap to Pay añ",,R7,primary_verified,,,,,,,
CY,Revolut Business,Grow,in_store,,260,2,3500,,,,,https://www.revolut.com/en-CY/business/accept-payments-pricing/,American Express domestic commercial cards: 2.8% + €0.20 online; 2.6% + €0.02 in-person. Revolut Terminal €189,2026-08-20,,any,any,domestic,commercial,,true,any,R5,patch_fino_r7.csv,,EUR,,,none,,,published,SEEDABLE,"Canal: Revolut Terminal/Lite. Revolut Terminal €189 + VAT; Lite Terminal €139 + VAT, pago único. Tap to Pay añ",,R7,primary_verified,,,,,,,
CY,Revolut Business,Grow,in_store,,170,2,3500,,,,,https://www.revolut.com/en-CY/business/accept-payments-pricing/,American Express domestic consumer cards: 1.7% + €0.20 online; 1.7% + €0.02 in-person. Revolut Terminal €189 +,2026-08-20,,any,any,domestic,consumer_a,,true,any,R5,patch_fino_r7.csv,,EUR,,,none,,,published,SEEDABLE,"Canal: Revolut Terminal/Lite. Revolut Terminal €189 + VAT; Lite Terminal €139 + VAT, pago único. Tap to Pay añ",,R7,primary_verified,,,,,,,
CY,Revolut Business,Grow,in_store,,80,2,3500,,,,,https://www.revolut.com/en-CY/business/accept-payments-pricing/,Domestic & European consumer cards: 1% + €0.20 online; 0.8% + €0.02 in-person. Revolut Terminal €189 + VAT; Li,2026-08-20,,any,any,any,consumer_v,,true,any,R5,patch_fino_r7.csv,,EUR,,,none,,,published,SEEDABLE,"Canal: Revolut Terminal/Lite. Revolut Terminal €189 + VAT; Lite Terminal €139 + VAT, pago único. Tap to Pay añ",,R7,primary_verified,,,,,,,
CY,Revolut Business,Grow,in_store,,260,2,3500,,,,,https://www.revolut.com/en-CY/business/accept-payments-pricing/,All international cards: 2.8% + €0.20 online; 2.6% + €0.02 in-person. Revolut Terminal €189 + VAT; Lite Termin,2026-08-20,,any,any,non_eea,visa_maste,,true,any,R5,patch_fino_r7.csv,,EUR,,,none,,,published,SEEDABLE,"Canal: Revolut Terminal/Lite. Revolut Terminal €189 + VAT; Lite Terminal €139 + VAT, pago único. Tap to Pay añ",,R7,primary_verified,,,,,,,
CY,Revolut Business,Scale,in_store,,260,2,12500,,,,,https://www.revolut.com/en-CY/business/accept-payments-pricing/,American Express all international cards: 2.8% + €0.20 online; 2.6% + €0.02 in-person. Revolut Terminal €189 +,2026-08-20,,any,any,non_eea,amex,,true,any,R5,patch_fino_r7.csv,,EUR,,,none,,,published,SEEDABLE,"Canal: Revolut Terminal/Lite. Revolut Terminal €189 + VAT; Lite Terminal €139 + VAT, pago único. Tap to Pay añ",,R7,primary_verified,,,,,,,
CY,Revolut Business,Scale,in_store,,260,2,12500,,,,,https://www.revolut.com/en-CY/business/accept-payments-pricing/,American Express domestic commercial cards: 2.8% + €0.20 online; 2.6% + €0.02 in-person. Revolut Terminal €189,2026-08-20,,any,any,domestic,commercial,,true,any,R5,patch_fino_r7.csv,,EUR,,,none,,,published,SEEDABLE,"Canal: Revolut Terminal/Lite. Revolut Terminal €189 + VAT; Lite Terminal €139 + VAT, pago único. Tap to Pay añ",,R7,primary_verified,,,,,,,
CY,Revolut Business,Scale,in_store,,170,2,12500,,,,,https://www.revolut.com/en-CY/business/accept-payments-pricing/,American Express domestic consumer cards: 1.7% + €0.20 online; 1.7% + €0.02 in-person. Revolut Terminal €189 +,2026-08-20,,any,any,domestic,consumer_a,,true,any,R5,patch_fino_r7.csv,,EUR,,,none,,,published,SEEDABLE,"Canal: Revolut Terminal/Lite. Revolut Terminal €189 + VAT; Lite Terminal €139 + VAT, pago único. Tap to Pay añ",,R7,primary_verified,,,,,,,
CY,Revolut Business,Scale,in_store,,80,2,12500,,,,,https://www.revolut.com/en-CY/business/accept-payments-pricing/,Domestic & European consumer cards: 1% + €0.20 online; 0.8% + €0.02 in-person. Revolut Terminal €189 + VAT; Li,2026-08-20,,any,any,any,consumer_v,,true,any,R5,patch_fino_r7.csv,,EUR,,,none,,,published,SEEDABLE,"Canal: Revolut Terminal/Lite. Revolut Terminal €189 + VAT; Lite Terminal €139 + VAT, pago único. Tap to Pay añ",,R7,primary_verified,,,,,,,
CY,Revolut Business,Scale,in_store,,260,2,12500,,,,,https://www.revolut.com/en-CY/business/accept-payments-pricing/,All international cards: 2.8% + €0.20 online; 2.6% + €0.02 in-person. Revolut Terminal €189 + VAT; Lite Termin,2026-08-20,,any,any,non_eea,visa_maste,,true,any,R5,patch_fino_r7.csv,,EUR,,,none,,,published,SEEDABLE,"Canal: Revolut Terminal/Lite. Revolut Terminal €189 + VAT; Lite Terminal €139 + VAT, pago único. Tap to Pay añ",,R7,primary_verified,,,,,,,
CY,Revolut Business,Basic,online,,280,20,1000,,,,,https://www.revolut.com/en-CY/business/accept-payments-pricing/,American Express all international cards: 2.8% + €0.20 online; 2.6% + €0.02 in-person.,2026-08-20,,any,any,non_eea,amex,,true,gateway|plugins|subscriptions|payment_links|invoices,R5,patch_fino_r7.csv,,EUR,,,none,,,published,SEEDABLE,"La cuota es la del plan Business, no una cuota adicional de acquiring. Fuente de plan localizada: https://www.",,R7,primary_verified,,,,,,,
CY,Revolut Business,Basic,online,,280,20,1000,,,,,https://www.revolut.com/en-CY/business/accept-payments-pricing/,American Express domestic commercial cards: 2.8% + €0.20 online; 2.6% + €0.02 in-person.,2026-08-20,,any,any,domestic,commercial,,true,gateway|plugins|subscriptions|payment_links|invoices,R5,patch_fino_r7.csv,,EUR,,,none,,,published,SEEDABLE,"La cuota es la del plan Business, no una cuota adicional de acquiring. Fuente de plan localizada: https://www.",,R7,primary_verified,,,,,,,
CY,Revolut Business,Basic,online,,170,20,1000,,,,,https://www.revolut.com/en-CY/business/accept-payments-pricing/,American Express domestic consumer cards: 1.7% + €0.20 online; 1.7% + €0.02 in-person.,2026-08-20,,any,any,domestic,consumer_a,,true,gateway|plugins|subscriptions|payment_links|invoices,R5,patch_fino_r7.csv,,EUR,,,none,,,published,SEEDABLE,"La cuota es la del plan Business, no una cuota adicional de acquiring. Fuente de plan localizada: https://www.",,R7,primary_verified,,,,,,,
CY,Revolut Business,Basic,online,,100,20,1000,,,,,https://www.revolut.com/en-CY/business/accept-payments-pricing/,Domestic & European consumer cards: 1% + €0.20 online; 0.8% + €0.02 in-person.,2026-08-20,,any,any,any,consumer_v,,true,gateway|plugins|subscriptions|payment_links|invoices,R5,patch_fino_r7.csv,,EUR,,,none,,,published,SEEDABLE,"La cuota es la del plan Business, no una cuota adicional de acquiring. Fuente de plan localizada: https://www.",,R7,primary_verified,,,,,,,
CY,Revolut Business,Basic,online,,280,20,1000,,,,,https://www.revolut.com/en-CY/business/accept-payments-pricing/,All international cards: 2.8% + €0.20 online; 2.6% + €0.02 in-person.,2026-08-20,,any,any,non_eea,visa_maste,,true,gateway|plugins|subscriptions|payment_links|invoices,R5,patch_fino_r7.csv,,EUR,,,none,,,published,SEEDABLE,"La cuota es la del plan Business, no una cuota adicional de acquiring. Fuente de plan localizada: https://www.",,R7,primary_verified,,,,,,,
CY,Revolut Business,Grow,online,,280,20,3500,,,,,https://www.revolut.com/en-CY/business/accept-payments-pricing/,American Express all international cards: 2.8% + €0.20 online; 2.6% + €0.02 in-person.,2026-08-20,,any,any,non_eea,amex,,true,gateway|plugins|subscriptions|payment_links|invoices,R5,patch_fino_r7.csv,,EUR,,,none,,,published,SEEDABLE,"La cuota es la del plan Business, no una cuota adicional de acquiring. Fuente de plan localizada: https://www.",,R7,primary_verified,,,,,,,
CY,Revolut Business,Grow,online,,280,20,3500,,,,,https://www.revolut.com/en-CY/business/accept-payments-pricing/,American Express domestic commercial cards: 2.8% + €0.20 online; 2.6% + €0.02 in-person.,2026-08-20,,any,any,domestic,commercial,,true,gateway|plugins|subscriptions|payment_links|invoices,R5,patch_fino_r7.csv,,EUR,,,none,,,published,SEEDABLE,"La cuota es la del plan Business, no una cuota adicional de acquiring. Fuente de plan localizada: https://www.",,R7,primary_verified,,,,,,,
CY,Revolut Business,Grow,online,,170,20,3500,,,,,https://www.revolut.com/en-CY/business/accept-payments-pricing/,American Express domestic consumer cards: 1.7% + €0.20 online; 1.7% + €0.02 in-person.,2026-08-20,,any,any,domestic,consumer_a,,true,gateway|plugins|subscriptions|payment_links|invoices,R5,patch_fino_r7.csv,,EUR,,,none,,,published,SEEDABLE,"La cuota es la del plan Business, no una cuota adicional de acquiring. Fuente de plan localizada: https://www.",,R7,primary_verified,,,,,,,
CY,Revolut Business,Grow,online,,100,20,3500,,,,,https://www.revolut.com/en-CY/business/accept-payments-pricing/,Domestic & European consumer cards: 1% + €0.20 online; 0.8% + €0.02 in-person.,2026-08-20,,any,any,any,consumer_v,,true,gateway|plugins|subscriptions|payment_links|invoices,R5,patch_fino_r7.csv,,EUR,,,none,,,published,SEEDABLE,"La cuota es la del plan Business, no una cuota adicional de acquiring. Fuente de plan localizada: https://www.",,R7,primary_verified,,,,,,,
CY,Revolut Business,Grow,online,,280,20,3500,,,,,https://www.revolut.com/en-CY/business/accept-payments-pricing/,All international cards: 2.8% + €0.20 online; 2.6% + €0.02 in-person.,2026-08-20,,any,any,non_eea,visa_maste,,true,gateway|plugins|subscriptions|payment_links|invoices,R5,patch_fino_r7.csv,,EUR,,,none,,,published,SEEDABLE,"La cuota es la del plan Business, no una cuota adicional de acquiring. Fuente de plan localizada: https://www.",,R7,primary_verified,,,,,,,
CY,Revolut Business,Scale,online,,280,20,12500,,,,,https://www.revolut.com/en-CY/business/accept-payments-pricing/,American Express all international cards: 2.8% + €0.20 online; 2.6% + €0.02 in-person.,2026-08-20,,any,any,non_eea,amex,,true,gateway|plugins|subscriptions|payment_links|invoices,R5,patch_fino_r7.csv,,EUR,,,none,,,published,SEEDABLE,"La cuota es la del plan Business, no una cuota adicional de acquiring. Fuente de plan localizada: https://www.",,R7,primary_verified,,,,,,,
CY,Revolut Business,Scale,online,,280,20,12500,,,,,https://www.revolut.com/en-CY/business/accept-payments-pricing/,American Express domestic commercial cards: 2.8% + €0.20 online; 2.6% + €0.02 in-person.,2026-08-20,,any,any,domestic,commercial,,true,gateway|plugins|subscriptions|payment_links|invoices,R5,patch_fino_r7.csv,,EUR,,,none,,,published,SEEDABLE,"La cuota es la del plan Business, no una cuota adicional de acquiring. Fuente de plan localizada: https://www.",,R7,primary_verified,,,,,,,
CY,Revolut Business,Scale,online,,170,20,12500,,,,,https://www.revolut.com/en-CY/business/accept-payments-pricing/,American Express domestic consumer cards: 1.7% + €0.20 online; 1.7% + €0.02 in-person.,2026-08-20,,any,any,domestic,consumer_a,,true,gateway|plugins|subscriptions|payment_links|invoices,R5,patch_fino_r7.csv,,EUR,,,none,,,published,SEEDABLE,"La cuota es la del plan Business, no una cuota adicional de acquiring. Fuente de plan localizada: https://www.",,R7,primary_verified,,,,,,,
CY,Revolut Business,Scale,online,,100,20,12500,,,,,https://www.revolut.com/en-CY/business/accept-payments-pricing/,Domestic & European consumer cards: 1% + €0.20 online; 0.8% + €0.02 in-person.,2026-08-20,,any,any,any,consumer_v,,true,gateway|plugins|subscriptions|payment_links|invoices,R5,patch_fino_r7.csv,,EUR,,,none,,,published,SEEDABLE,"La cuota es la del plan Business, no una cuota adicional de acquiring. Fuente de plan localizada: https://www.",,R7,primary_verified,,,,,,,
CY,Revolut Business,Scale,online,,280,20,12500,,,,,https://www.revolut.com/en-CY/business/accept-payments-pricing/,All international cards: 2.8% + €0.20 online; 2.6% + €0.02 in-person.,2026-08-20,,any,any,non_eea,visa_maste,,true,gateway|plugins|subscriptions|payment_links|invoices,R5,patch_fino_r7.csv,,EUR,,,none,,,published,SEEDABLE,"La cuota es la del plan Business, no una cuota adicional de acquiring. Fuente de plan localizada: https://www.",,R7,primary_verified,,,,,,,
CY,Viva.com,Default consumer pack (blended),in_store,,169,0,,,,,,https://www.viva.com/en-cy/pricing,"In-person payments — Per transaction 1,69% — Minimum Fee of 0,03€ per transaction applies. Online Payments — 2",2026-08-20,,any,any,any,standard,,true,any,R5,patch_fino_r7.csv,,EUR,,,,,,published,SEEDABLE,Published consumer pack total is 1.69%. The rendered HTML price cell spans Interchange + Scheme + Viva.com acq,,R7,primary_verified,,,,,,,
CY,Viva.com,Default IC++ other cards,in_store,,116,0,,,,,,https://www.viva.com/en-cy/pricing,"Visa | ✓ | ✓ | 1,16% | –; Minimum Fee of 0,03€ per transaction applies.",2026-08-20,,any,any,any,commercial,,false,any,R5,patch_fino_r7.csv,,EUR,,,,,,published,SEEDABLE,rate_bps is Viva.com acquiring margin only; interchange and scheme are added separately. Non-EEA +0.40% is pub,,R7,primary_verified,,,,,,,
CY,Viva.com,Default consumer pack (blended),moto,,219,24,,,,,,https://www.viva.com/en-cy/pricing,"In-person payments — Per transaction 1,69% — Minimum Fee of 0,03€ per transaction applies. Online Payments — 2",2026-08-20,,any,any,any,standard,,true,virtual_terminal_moto,R5,patch_fino_r7.csv,,EUR,,,,,,published,SEEDABLE,Published consumer pack total is 2.19% + €0.24. The rendered HTML price cell spans Interchange + Scheme + Viva,,R7,primary_verified,,,,,,,
CY,Viva.com,Default IC++ other cards,moto,,206,24,,,,,,https://www.viva.com/en-cy/pricing,"Visa | ✓ | ✓ | 2,06% | 0,24€; Relates to Virtual Terminal and MOTO.",2026-08-20,,any,any,any,commercial,,false,virtual_terminal_moto,R5,patch_fino_r7.csv,,EUR,,,,,,published,SEEDABLE,rate_bps is Viva.com acquiring margin only; interchange and scheme are added separately. Fixed processing fee ,,R7,primary_verified,,,,,,,
CY,Viva.com,Default consumer pack (blended),online,,219,24,,,,,,https://www.viva.com/en-cy/pricing,"In-person payments — Per transaction 1,69% — Minimum Fee of 0,03€ per transaction applies. Online Payments — 2",2026-08-20,,any,any,any,standard,,true,smart_checkout,R5,patch_fino_r7.csv,,EUR,,,,,,published,SEEDABLE,Published consumer pack total is 2.19% + €0.24. The rendered HTML price cell spans Interchange + Scheme + Viva,,R7,primary_verified,,,,,,,
CY,Viva.com,Default IC++ other cards,online,,206,24,,,,,,https://www.viva.com/en-cy/pricing,"Visa | ✓ | ✓ | 2,06% | 0,24€.",2026-08-20,,any,any,any,commercial,,false,smart_checkout,R5,patch_fino_r7.csv,,EUR,,,,,,published,SEEDABLE,rate_bps is Viva.com acquiring margin only; interchange and scheme are added separately. Fixed processing fee ,,R7,primary_verified,,,,,,,
PL,eService,Promocja 30 — después de 100 000 PLN o desde mes 13,in_store,,55,,100,,,,,https://www.eservice.pl/terminal-za-darmo-polska-bezgotowkowa,Nowoczesny terminal płatniczy za 0 zł przez 12 m-cy. Przez kolejne 18 miesięcy tylko 1 zł/m-c. Aż do sumy 100 ,2026-08-20,,any,any,any,visa_maste,,true,any,R5,patch_fino_r7.csv,,PLN,,,gmv_or_time,,,published,SEEDABLE,"Terminal: 0 PLN/mes en meses 1–12 y 1 PLN/mes en meses 13–30. Si se supera 100 000 PLN antes del mes 13, la co",,R7,primary_verified,,,,,,,
PL,eService,Promocja 30 — PWOB meses 1–12 / hasta 100 000 PLN,in_store,,0,0,0,,,,,https://www.eservice.pl/terminal-za-darmo-polska-bezgotowkowa,Nowoczesny terminal płatniczy za 0 zł przez 12 m-cy. Przez kolejne 18 miesięcy tylko 1 zł/m-c. Aż do sumy 100 ,2026-08-20,,any,any,any,visa_maste,,true,any,R5,patch_fino_r7.csv,,PLN,0,10000000,gmv_and_time,,,published,SEEDABLE,"Promoción, no estándar. El 0% termina al alcanzar 100 000 PLN o al acabar el apoyo de 12 meses. La duración co",,R7,primary_verified,,,,,,,
PL,PayTel,Program Polska Bezgotówkowa,in_store,,0,0,0,,,,,https://www.paytel.pl/nasza-oferta/terminale-pwob/,"darmowy terminal płatniczy, terminal w telefonie lub bramkę płatniczą na 12 miesięcy – bez abonamentu i bez pr",2026-08-20,,any,any,any,all_cards,,true,any,R5,patch_fino_r7.csv,,PLN,0,10000000,gmv_and_time,,,published,SEEDABLE,"Promoción, no estándar. Arrendamiento del terminal cubierto 12 meses; no exige umbral mínimo de facturación.",,R7,primary_verified,,,,,,,
PL,Polskie ePłatności,All in One,in_store,,60,4,2000,,,,,https://sklep.pep.pl/oferta/all-in-one/,"Aplikacja 20 zł; Prowizja od transakcji 0,6% + 4 gr; Czas trwania umowy 24 miesiące.",2026-08-20,,any,any,any,all_cards,,true,any,R5,patch_fino_r7.csv,,PLN,,,none,,,published,SEEDABLE,Terminal 3-en-1. La página no identifica clase ni región de tarjeta. Contrato de 24 meses.,,R7,primary_verified,,,,,,,
PL,Polskie ePłatności,PepPay terminal w telefonie,in_store,,59,5,1499,,,,,https://sklep.pep.pl/oferta/peppay-terminal-w-telefonie-4/,"Aplikacja 14,99 zł; Prowizja od transakcji 0,59% + 5gr; Czas trwania umowy 24 miesiące.",2026-08-20,,any,any,any,all_cards,,true,any,R5,patch_fino_r7.csv,,PLN,,,none,,,published,SEEDABLE,SoftPOS. La página no identifica clase ni región de tarjeta. Contrato de 24 meses.,,R7,primary_verified,,,,,,,
PL,Polskie ePłatności,Stabilny biznes,in_store,,54,1,2400,,,,,https://sklep.pep.pl/oferta/stabilny-biznes/,Najem terminala przez pierwsze 3 miesiące 1zł; Średni najem terminala 24 zł msc; Prowizja od transakcji na kar,2026-08-20,,any,any,domestic,all_cards,,true,any,R5,patch_fino_r7.csv,,PLN,,,none,,,published,SEEDABLE,"Alquiler medio publicado: 24 PLN/mes; primeros 3 meses: 1 PLN/mes. Paquete Silver 2,90 PLN/mes o Gold 5,50 PLN",,R7,primary_verified,,,,,,,
PL,Polskie ePłatności,Stabilny biznes,in_store,,154,,2400,,,,,https://sklep.pep.pl/oferta/stabilny-biznes/,Najem terminala przez pierwsze 3 miesiące 1zł; Średni najem terminala 24 zł msc; Prowizja od transakcji na kar,2026-08-20,,any,any,any,all_cards,,true,any,R5,patch_fino_r7.csv,,PLN,,,none,,,published,SEEDABLE,La fuente no añade fijo a la tarifa extranjera; no se convierte el silencio en 0. Alquiler medio 24 PLN/mes; p,,R7,primary_verified,,,,,,,
PL,Revolut Business,Basic,online,,280,100,5000,,,,,https://www.revolut.com/pl-PL/business/accept-payments-pricing/,"American Express wszystkie karty międzynarodowe: 2,8% + 1 zł online; 2,6% + 0,10 zł stacjonarnie.",2026-08-20,,any,any,non_eea,amex,,true,gateway|plugins|subscriptions|payment_links|invoices,R5,patch_fino_r7.csv,,PLN,,,none,,,published,SEEDABLE,"La cuota es la del plan Business, no una cuota adicional de acquiring. Fuente de plan localizada: https://www.",,R7,primary_verified,,,,,,,
PL,Revolut Business,Basic,online,,280,100,5000,,,,,https://www.revolut.com/pl-PL/business/accept-payments-pricing/,"American Express karty komercyjne krajowe: 2,8% + 1 zł online; 2,6% + 0,10 zł stacjonarnie.",2026-08-20,,any,any,domestic,commercial,,true,gateway|plugins|subscriptions|payment_links|invoices,R5,patch_fino_r7.csv,,PLN,,,none,,,published,SEEDABLE,"La cuota es la del plan Business, no una cuota adicional de acquiring. Fuente de plan localizada: https://www.",,R7,primary_verified,,,,,,,
PL,Revolut Business,Basic,online,,170,100,5000,,,,,https://www.revolut.com/pl-PL/business/accept-payments-pricing/,"American Express karty konsumenckie krajowe: 1,7% + 1 zł online; 1,7% + 0,10 zł stacjonarnie.",2026-08-20,,any,any,domestic,consumer_a,,true,gateway|plugins|subscriptions|payment_links|invoices,R5,patch_fino_r7.csv,,PLN,,,none,,,published,SEEDABLE,"La cuota es la del plan Business, no una cuota adicional de acquiring. Fuente de plan localizada: https://www.",,R7,primary_verified,,,,,,,
PL,Revolut Business,Basic,online,,100,100,5000,,,,,https://www.revolut.com/pl-PL/business/accept-payments-pricing/,"Karty konsumenckie krajowe i europejskie: 1% + 1 zł online; 0,8% + 0,10 zł stacjonarnie.",2026-08-20,,any,any,any,consumer_v,,true,gateway|plugins|subscriptions|payment_links|invoices,R5,patch_fino_r7.csv,,PLN,,,none,,,published,SEEDABLE,"La cuota es la del plan Business, no una cuota adicional de acquiring. Fuente de plan localizada: https://www.",,R7,primary_verified,,,,,,,
PL,Revolut Business,Basic,online,,280,100,5000,,,,,https://www.revolut.com/pl-PL/business/accept-payments-pricing/,"Wszystkie karty międzynarodowe: 2,8% + 1 zł online; 2,6% + 0,10 zł stacjonarnie.",2026-08-20,,any,any,non_eea,visa_maste,,true,gateway|plugins|subscriptions|payment_links|invoices,R5,patch_fino_r7.csv,,PLN,,,none,,,published,SEEDABLE,"La cuota es la del plan Business, no una cuota adicional de acquiring. Fuente de plan localizada: https://www.",,R7,primary_verified,,,,,,,
PL,Revolut Business,Grow,online,,280,100,17500,,,,,https://www.revolut.com/pl-PL/business/accept-payments-pricing/,"American Express wszystkie karty międzynarodowe: 2,8% + 1 zł online; 2,6% + 0,10 zł stacjonarnie.",2026-08-20,,any,any,non_eea,amex,,true,gateway|plugins|subscriptions|payment_links|invoices,R5,patch_fino_r7.csv,,PLN,,,none,,,published,SEEDABLE,"La cuota es la del plan Business, no una cuota adicional de acquiring. Fuente de plan localizada: https://www.",,R7,primary_verified,,,,,,,
PL,Revolut Business,Grow,online,,280,100,17500,,,,,https://www.revolut.com/pl-PL/business/accept-payments-pricing/,"American Express karty komercyjne krajowe: 2,8% + 1 zł online; 2,6% + 0,10 zł stacjonarnie.",2026-08-20,,any,any,domestic,commercial,,true,gateway|plugins|subscriptions|payment_links|invoices,R5,patch_fino_r7.csv,,PLN,,,none,,,published,SEEDABLE,"La cuota es la del plan Business, no una cuota adicional de acquiring. Fuente de plan localizada: https://www.",,R7,primary_verified,,,,,,,
PL,Revolut Business,Grow,online,,170,100,17500,,,,,https://www.revolut.com/pl-PL/business/accept-payments-pricing/,"American Express karty konsumenckie krajowe: 1,7% + 1 zł online; 1,7% + 0,10 zł stacjonarnie.",2026-08-20,,any,any,domestic,consumer_a,,true,gateway|plugins|subscriptions|payment_links|invoices,R5,patch_fino_r7.csv,,PLN,,,none,,,published,SEEDABLE,"La cuota es la del plan Business, no una cuota adicional de acquiring. Fuente de plan localizada: https://www.",,R7,primary_verified,,,,,,,
PL,Revolut Business,Grow,online,,100,100,17500,,,,,https://www.revolut.com/pl-PL/business/accept-payments-pricing/,"Karty konsumenckie krajowe i europejskie: 1% + 1 zł online; 0,8% + 0,10 zł stacjonarnie.",2026-08-20,,any,any,any,consumer_v,,true,gateway|plugins|subscriptions|payment_links|invoices,R5,patch_fino_r7.csv,,PLN,,,none,,,published,SEEDABLE,"La cuota es la del plan Business, no una cuota adicional de acquiring. Fuente de plan localizada: https://www.",,R7,primary_verified,,,,,,,
PL,Revolut Business,Grow,online,,280,100,17500,,,,,https://www.revolut.com/pl-PL/business/accept-payments-pricing/,"Wszystkie karty międzynarodowe: 2,8% + 1 zł online; 2,6% + 0,10 zł stacjonarnie.",2026-08-20,,any,any,non_eea,visa_maste,,true,gateway|plugins|subscriptions|payment_links|invoices,R5,patch_fino_r7.csv,,PLN,,,none,,,published,SEEDABLE,"La cuota es la del plan Business, no una cuota adicional de acquiring. Fuente de plan localizada: https://www.",,R7,primary_verified,,,,,,,
PL,Revolut Business,Scale,online,,280,100,62500,,,,,https://www.revolut.com/pl-PL/business/accept-payments-pricing/,"American Express wszystkie karty międzynarodowe: 2,8% + 1 zł online; 2,6% + 0,10 zł stacjonarnie.",2026-08-20,,any,any,non_eea,amex,,true,gateway|plugins|subscriptions|payment_links|invoices,R5,patch_fino_r7.csv,,PLN,,,none,,,published,SEEDABLE,"La cuota es la del plan Business, no una cuota adicional de acquiring. Fuente de plan localizada: https://www.",,R7,primary_verified,,,,,,,
PL,Revolut Business,Scale,online,,280,100,62500,,,,,https://www.revolut.com/pl-PL/business/accept-payments-pricing/,"American Express karty komercyjne krajowe: 2,8% + 1 zł online; 2,6% + 0,10 zł stacjonarnie.",2026-08-20,,any,any,domestic,commercial,,true,gateway|plugins|subscriptions|payment_links|invoices,R5,patch_fino_r7.csv,,PLN,,,none,,,published,SEEDABLE,"La cuota es la del plan Business, no una cuota adicional de acquiring. Fuente de plan localizada: https://www.",,R7,primary_verified,,,,,,,
PL,Revolut Business,Scale,online,,170,100,62500,,,,,https://www.revolut.com/pl-PL/business/accept-payments-pricing/,"American Express karty konsumenckie krajowe: 1,7% + 1 zł online; 1,7% + 0,10 zł stacjonarnie.",2026-08-20,,any,any,domestic,consumer_a,,true,gateway|plugins|subscriptions|payment_links|invoices,R5,patch_fino_r7.csv,,PLN,,,none,,,published,SEEDABLE,"La cuota es la del plan Business, no una cuota adicional de acquiring. Fuente de plan localizada: https://www.",,R7,primary_verified,,,,,,,
PL,Revolut Business,Scale,online,,100,100,62500,,,,,https://www.revolut.com/pl-PL/business/accept-payments-pricing/,"Karty konsumenckie krajowe i europejskie: 1% + 1 zł online; 0,8% + 0,10 zł stacjonarnie.",2026-08-20,,any,any,any,consumer_v,,true,gateway|plugins|subscriptions|payment_links|invoices,R5,patch_fino_r7.csv,,PLN,,,none,,,published,SEEDABLE,"La cuota es la del plan Business, no una cuota adicional de acquiring. Fuente de plan localizada: https://www.",,R7,primary_verified,,,,,,,
PL,Revolut Business,Scale,online,,280,100,62500,,,,,https://www.revolut.com/pl-PL/business/accept-payments-pricing/,"Wszystkie karty międzynarodowe: 2,8% + 1 zł online; 2,6% + 0,10 zł stacjonarnie.",2026-08-20,,any,any,non_eea,visa_maste,,true,gateway|plugins|subscriptions|payment_links|invoices,R5,patch_fino_r7.csv,,PLN,,,none,,,published,SEEDABLE,"La cuota es la del plan Business, no una cuota adicional de acquiring. Fuente de plan localizada: https://www.",,R7,primary_verified,,,,,,,
PL,Viva.com,Default consumer pack (blended),in_store,,169,0,,,,,,https://www.viva.com/pl-pl/pricing,"Visa | 1,69% | –; minimalna opłata 0,15 PLN. Online Visa | 2,19% | 0,24 PLN; MOTO Visa | 2,19% | 0,99 PLN.",2026-08-20,,any,any,domestic,standard,,true,any,R5,patch_fino_r7.csv,,PLN,,,,,,published,SEEDABLE,"Published consumer pack total is 1,69%. The rendered HTML price cell spans Interchange + Scheme + Viva.com acq",,R7,primary_verified,,,,,,,
PL,Viva.com,Default IC++ other cards,in_store,,110,0,,,,,,https://www.viva.com/pl-pl/pricing,"Visa | ✓ | ✓ | 1,10% | –; minimalna opłata 0,15 PLN.",2026-08-20,,any,any,any,commercial,,false,any,R5,patch_fino_r7.csv,,PLN,,,,,,published,SEEDABLE,rate_bps is Viva.com acquiring margin only; interchange and scheme are added separately. Non-EEA +0.40% is pub,,R7,primary_verified,,,,,,,
PL,Viva.com,Default consumer pack (blended),moto,,219,99,,,,,,https://www.viva.com/pl-pl/pricing,"Visa | 1,69% | –; minimalna opłata 0,15 PLN. Online Visa | 2,19% | 0,24 PLN; MOTO Visa | 2,19% | 0,99 PLN. Vis",2026-08-20,,any,any,domestic,standard,,true,virtual_terminal_moto,R5,patch_fino_r7.csv,,PLN,,,,,,published,SEEDABLE,"Published consumer pack total is 2,19% + 0,99 PLN. The rendered HTML price cell spans Interchange + Scheme + V",,R7,primary_verified,,,,,,,
PL,Viva.com,Default IC++ other cards,moto,,120,99,,,,,,https://www.viva.com/pl-pl/pricing,"Visa | ✓ | ✓ | 1,20% | 0,99 PLN; wirtualny terminal i MOTO.",2026-08-20,,any,any,any,commercial,,false,virtual_terminal_moto,R5,patch_fino_r7.csv,,PLN,,,,,,published,SEEDABLE,rate_bps is Viva.com acquiring margin only; interchange and scheme are added separately. Fixed processing fee ,,R7,primary_verified,,,,,,,
PL,Viva.com,Default consumer pack (blended),online,,219,24,,,,,,https://www.viva.com/pl-pl/pricing,"Visa | 1,69% | –; minimalna opłata 0,15 PLN. Online Visa | 2,19% | 0,24 PLN; MOTO Visa | 2,19% | 0,99 PLN.",2026-08-20,,any,any,domestic,standard,,true,smart_checkout,R5,patch_fino_r7.csv,,PLN,,,,,,published,SEEDABLE,"Published consumer pack total is 2,19% + 0,24 PLN. The rendered HTML price cell spans Interchange + Scheme + V",,R7,primary_verified,,,,,,,
PL,Viva.com,Default IC++ other cards,online,,120,24,,,,,,https://www.viva.com/pl-pl/pricing,"Visa | ✓ | ✓ | 1,20% | 0,24 PLN.",2026-08-20,,any,any,any,commercial,,false,smart_checkout,R5,patch_fino_r7.csv,,PLN,,,,,,published,SEEDABLE,rate_bps is Viva.com acquiring margin only; interchange and scheme are added separately. Fixed processing fee ,,R7,primary_verified,,,,,,,
PT,Revolut Business,Basic,in_store,,260,2,1000,,,,,https://www.revolut.com/en-PT/business/accept-payments-pricing/,"American Express all international cards: 2,8% + €0.20 online; 2,6% + €0.02 in-person. Revolut Terminal €189 +",2026-08-20,,any,any,non_eea,amex,,true,any,R5,patch_fino_r7.csv,,EUR,,,none,,,published,SEEDABLE,"Canal: Revolut Terminal/Lite. Revolut Terminal €189 + VAT; Lite Terminal €139 + VAT, pago único. Tap to Pay añ",,R7,primary_verified,,,,,,,
PT,Revolut Business,Basic,in_store,,260,2,1000,,,,,https://www.revolut.com/en-PT/business/accept-payments-pricing/,"American Express domestic commercial cards: 2,8% + €0.20 online; 2,6% + €0.02 in-person. Revolut Terminal €189",2026-08-20,,any,any,domestic,commercial,,true,any,R5,patch_fino_r7.csv,,EUR,,,none,,,published,SEEDABLE,"Canal: Revolut Terminal/Lite. Revolut Terminal €189 + VAT; Lite Terminal €139 + VAT, pago único. Tap to Pay añ",,R7,primary_verified,,,,,,,
PT,Revolut Business,Basic,in_store,,170,2,1000,,,,,https://www.revolut.com/en-PT/business/accept-payments-pricing/,"American Express domestic consumer cards: 1,7% + €0.20 online; 1,7% + €0.02 in-person. Revolut Terminal €189 +",2026-08-20,,any,any,domestic,consumer_a,,true,any,R5,patch_fino_r7.csv,,EUR,,,none,,,published,SEEDABLE,"Canal: Revolut Terminal/Lite. Revolut Terminal €189 + VAT; Lite Terminal €139 + VAT, pago único. Tap to Pay añ",,R7,primary_verified,,,,,,,
PT,Revolut Business,Basic,in_store,,80,2,1000,,,,,https://www.revolut.com/en-PT/business/accept-payments-pricing/,"Domestic & European consumer cards: 1% + €0.20 online; 0,8% + €0.02 in-person. Revolut Terminal €189 + VAT; Li",2026-08-20,,any,any,any,consumer_v,,true,any,R5,patch_fino_r7.csv,,EUR,,,none,,,published,SEEDABLE,"Canal: Revolut Terminal/Lite. Revolut Terminal €189 + VAT; Lite Terminal €139 + VAT, pago único. Tap to Pay añ",,R7,primary_verified,,,,,,,
PT,Revolut Business,Basic,in_store,,260,2,1000,,,,,https://www.revolut.com/en-PT/business/accept-payments-pricing/,"All international cards: 2,8% + €0.20 online; 2,6% + €0.02 in-person. Revolut Terminal €189 + VAT; Lite Termin",2026-08-20,,any,any,non_eea,visa_maste,,true,any,R5,patch_fino_r7.csv,,EUR,,,none,,,published,SEEDABLE,"Canal: Revolut Terminal/Lite. Revolut Terminal €189 + VAT; Lite Terminal €139 + VAT, pago único. Tap to Pay añ",,R7,primary_verified,,,,,,,
PT,Revolut Business,Grow,in_store,,260,2,3500,,,,,https://www.revolut.com/en-PT/business/accept-payments-pricing/,"American Express all international cards: 2,8% + €0.20 online; 2,6% + €0.02 in-person. Revolut Terminal €189 +",2026-08-20,,any,any,non_eea,amex,,true,any,R5,patch_fino_r7.csv,,EUR,,,none,,,published,SEEDABLE,"Canal: Revolut Terminal/Lite. Revolut Terminal €189 + VAT; Lite Terminal €139 + VAT, pago único. Tap to Pay añ",,R7,primary_verified,,,,,,,
PT,Revolut Business,Grow,in_store,,260,2,3500,,,,,https://www.revolut.com/en-PT/business/accept-payments-pricing/,"American Express domestic commercial cards: 2,8% + €0.20 online; 2,6% + €0.02 in-person. Revolut Terminal €189",2026-08-20,,any,any,domestic,commercial,,true,any,R5,patch_fino_r7.csv,,EUR,,,none,,,published,SEEDABLE,"Canal: Revolut Terminal/Lite. Revolut Terminal €189 + VAT; Lite Terminal €139 + VAT, pago único. Tap to Pay añ",,R7,primary_verified,,,,,,,
PT,Revolut Business,Grow,in_store,,170,2,3500,,,,,https://www.revolut.com/en-PT/business/accept-payments-pricing/,"American Express domestic consumer cards: 1,7% + €0.20 online; 1,7% + €0.02 in-person. Revolut Terminal €189 +",2026-08-20,,any,any,domestic,consumer_a,,true,any,R5,patch_fino_r7.csv,,EUR,,,none,,,published,SEEDABLE,"Canal: Revolut Terminal/Lite. Revolut Terminal €189 + VAT; Lite Terminal €139 + VAT, pago único. Tap to Pay añ",,R7,primary_verified,,,,,,,
PT,Revolut Business,Grow,in_store,,80,2,3500,,,,,https://www.revolut.com/en-PT/business/accept-payments-pricing/,"Domestic & European consumer cards: 1% + €0.20 online; 0,8% + €0.02 in-person. Revolut Terminal €189 + VAT; Li",2026-08-20,,any,any,any,consumer_v,,true,any,R5,patch_fino_r7.csv,,EUR,,,none,,,published,SEEDABLE,"Canal: Revolut Terminal/Lite. Revolut Terminal €189 + VAT; Lite Terminal €139 + VAT, pago único. Tap to Pay añ",,R7,primary_verified,,,,,,,
PT,Revolut Business,Grow,in_store,,260,2,3500,,,,,https://www.revolut.com/en-PT/business/accept-payments-pricing/,"All international cards: 2,8% + €0.20 online; 2,6% + €0.02 in-person. Revolut Terminal €189 + VAT; Lite Termin",2026-08-20,,any,any,non_eea,visa_maste,,true,any,R5,patch_fino_r7.csv,,EUR,,,none,,,published,SEEDABLE,"Canal: Revolut Terminal/Lite. Revolut Terminal €189 + VAT; Lite Terminal €139 + VAT, pago único. Tap to Pay añ",,R7,primary_verified,,,,,,,
PT,Revolut Business,Scale,in_store,,260,2,12500,,,,,https://www.revolut.com/en-PT/business/accept-payments-pricing/,"American Express all international cards: 2,8% + €0.20 online; 2,6% + €0.02 in-person. Revolut Terminal €189 +",2026-08-20,,any,any,non_eea,amex,,true,any,R5,patch_fino_r7.csv,,EUR,,,none,,,published,SEEDABLE,"Canal: Revolut Terminal/Lite. Revolut Terminal €189 + VAT; Lite Terminal €139 + VAT, pago único. Tap to Pay añ",,R7,primary_verified,,,,,,,
PT,Revolut Business,Scale,in_store,,260,2,12500,,,,,https://www.revolut.com/en-PT/business/accept-payments-pricing/,"American Express domestic commercial cards: 2,8% + €0.20 online; 2,6% + €0.02 in-person. Revolut Terminal €189",2026-08-20,,any,any,domestic,commercial,,true,any,R5,patch_fino_r7.csv,,EUR,,,none,,,published,SEEDABLE,"Canal: Revolut Terminal/Lite. Revolut Terminal €189 + VAT; Lite Terminal €139 + VAT, pago único. Tap to Pay añ",,R7,primary_verified,,,,,,,
PT,Revolut Business,Scale,in_store,,170,2,12500,,,,,https://www.revolut.com/en-PT/business/accept-payments-pricing/,"American Express domestic consumer cards: 1,7% + €0.20 online; 1,7% + €0.02 in-person. Revolut Terminal €189 +",2026-08-20,,any,any,domestic,consumer_a,,true,any,R5,patch_fino_r7.csv,,EUR,,,none,,,published,SEEDABLE,"Canal: Revolut Terminal/Lite. Revolut Terminal €189 + VAT; Lite Terminal €139 + VAT, pago único. Tap to Pay añ",,R7,primary_verified,,,,,,,
PT,Revolut Business,Scale,in_store,,80,2,12500,,,,,https://www.revolut.com/en-PT/business/accept-payments-pricing/,"Domestic & European consumer cards: 1% + €0.20 online; 0,8% + €0.02 in-person. Revolut Terminal €189 + VAT; Li",2026-08-20,,any,any,any,consumer_v,,true,any,R5,patch_fino_r7.csv,,EUR,,,none,,,published,SEEDABLE,"Canal: Revolut Terminal/Lite. Revolut Terminal €189 + VAT; Lite Terminal €139 + VAT, pago único. Tap to Pay añ",,R7,primary_verified,,,,,,,
PT,Revolut Business,Scale,in_store,,260,2,12500,,,,,https://www.revolut.com/en-PT/business/accept-payments-pricing/,"All international cards: 2,8% + €0.20 online; 2,6% + €0.02 in-person. Revolut Terminal €189 + VAT; Lite Termin",2026-08-20,,any,any,non_eea,visa_maste,,true,any,R5,patch_fino_r7.csv,,EUR,,,none,,,published,SEEDABLE,"Canal: Revolut Terminal/Lite. Revolut Terminal €189 + VAT; Lite Terminal €139 + VAT, pago único. Tap to Pay añ",,R7,primary_verified,,,,,,,
PT,Revolut Business,Basic,online,,280,20,1000,,,,,https://www.revolut.com/en-PT/business/accept-payments-pricing/,"American Express all international cards: 2,8% + €0.20 online; 2,6% + €0.02 in-person.",2026-08-20,,any,any,non_eea,amex,,true,gateway|plugins|subscriptions|payment_links|invoices,R5,patch_fino_r7.csv,,EUR,,,none,,,published,SEEDABLE,"La cuota es la del plan Business, no una cuota adicional de acquiring. Fuente de plan localizada: https://www.",,R7,primary_verified,,,,,,,
PT,Revolut Business,Basic,online,,280,20,1000,,,,,https://www.revolut.com/en-PT/business/accept-payments-pricing/,"American Express domestic commercial cards: 2,8% + €0.20 online; 2,6% + €0.02 in-person.",2026-08-20,,any,any,domestic,commercial,,true,gateway|plugins|subscriptions|payment_links|invoices,R5,patch_fino_r7.csv,,EUR,,,none,,,published,SEEDABLE,"La cuota es la del plan Business, no una cuota adicional de acquiring. Fuente de plan localizada: https://www.",,R7,primary_verified,,,,,,,
PT,Revolut Business,Basic,online,,170,20,1000,,,,,https://www.revolut.com/en-PT/business/accept-payments-pricing/,"American Express domestic consumer cards: 1,7% + €0.20 online; 1,7% + €0.02 in-person.",2026-08-20,,any,any,domestic,consumer_a,,true,gateway|plugins|subscriptions|payment_links|invoices,R5,patch_fino_r7.csv,,EUR,,,none,,,published,SEEDABLE,"La cuota es la del plan Business, no una cuota adicional de acquiring. Fuente de plan localizada: https://www.",,R7,primary_verified,,,,,,,
PT,Revolut Business,Basic,online,,100,20,1000,,,,,https://www.revolut.com/en-PT/business/accept-payments-pricing/,"Domestic & European consumer cards: 1% + €0.20 online; 0,8% + €0.02 in-person.",2026-08-20,,any,any,any,consumer_v,,true,gateway|plugins|subscriptions|payment_links|invoices,R5,patch_fino_r7.csv,,EUR,,,none,,,published,SEEDABLE,"La cuota es la del plan Business, no una cuota adicional de acquiring. Fuente de plan localizada: https://www.",,R7,primary_verified,,,,,,,
PT,Revolut Business,Basic,online,,280,20,1000,,,,,https://www.revolut.com/en-PT/business/accept-payments-pricing/,"All international cards: 2,8% + €0.20 online; 2,6% + €0.02 in-person.",2026-08-20,,any,any,non_eea,visa_maste,,true,gateway|plugins|subscriptions|payment_links|invoices,R5,patch_fino_r7.csv,,EUR,,,none,,,published,SEEDABLE,"La cuota es la del plan Business, no una cuota adicional de acquiring. Fuente de plan localizada: https://www.",,R7,primary_verified,,,,,,,
PT,Revolut Business,Grow,online,,280,20,3500,,,,,https://www.revolut.com/en-PT/business/accept-payments-pricing/,"American Express all international cards: 2,8% + €0.20 online; 2,6% + €0.02 in-person.",2026-08-20,,any,any,non_eea,amex,,true,gateway|plugins|subscriptions|payment_links|invoices,R5,patch_fino_r7.csv,,EUR,,,none,,,published,SEEDABLE,"La cuota es la del plan Business, no una cuota adicional de acquiring. Fuente de plan localizada: https://www.",,R7,primary_verified,,,,,,,
PT,Revolut Business,Grow,online,,280,20,3500,,,,,https://www.revolut.com/en-PT/business/accept-payments-pricing/,"American Express domestic commercial cards: 2,8% + €0.20 online; 2,6% + €0.02 in-person.",2026-08-20,,any,any,domestic,commercial,,true,gateway|plugins|subscriptions|payment_links|invoices,R5,patch_fino_r7.csv,,EUR,,,none,,,published,SEEDABLE,"La cuota es la del plan Business, no una cuota adicional de acquiring. Fuente de plan localizada: https://www.",,R7,primary_verified,,,,,,,
PT,Revolut Business,Grow,online,,170,20,3500,,,,,https://www.revolut.com/en-PT/business/accept-payments-pricing/,"American Express domestic consumer cards: 1,7% + €0.20 online; 1,7% + €0.02 in-person.",2026-08-20,,any,any,domestic,consumer_a,,true,gateway|plugins|subscriptions|payment_links|invoices,R5,patch_fino_r7.csv,,EUR,,,none,,,published,SEEDABLE,"La cuota es la del plan Business, no una cuota adicional de acquiring. Fuente de plan localizada: https://www.",,R7,primary_verified,,,,,,,
PT,Revolut Business,Grow,online,,100,20,3500,,,,,https://www.revolut.com/en-PT/business/accept-payments-pricing/,"Domestic & European consumer cards: 1% + €0.20 online; 0,8% + €0.02 in-person.",2026-08-20,,any,any,any,consumer_v,,true,gateway|plugins|subscriptions|payment_links|invoices,R5,patch_fino_r7.csv,,EUR,,,none,,,published,SEEDABLE,"La cuota es la del plan Business, no una cuota adicional de acquiring. Fuente de plan localizada: https://www.",,R7,primary_verified,,,,,,,
PT,Revolut Business,Grow,online,,280,20,3500,,,,,https://www.revolut.com/en-PT/business/accept-payments-pricing/,"All international cards: 2,8% + €0.20 online; 2,6% + €0.02 in-person.",2026-08-20,,any,any,non_eea,visa_maste,,true,gateway|plugins|subscriptions|payment_links|invoices,R5,patch_fino_r7.csv,,EUR,,,none,,,published,SEEDABLE,"La cuota es la del plan Business, no una cuota adicional de acquiring. Fuente de plan localizada: https://www.",,R7,primary_verified,,,,,,,
PT,Revolut Business,Scale,online,,280,20,12500,,,,,https://www.revolut.com/en-PT/business/accept-payments-pricing/,"American Express all international cards: 2,8% + €0.20 online; 2,6% + €0.02 in-person.",2026-08-20,,any,any,non_eea,amex,,true,gateway|plugins|subscriptions|payment_links|invoices,R5,patch_fino_r7.csv,,EUR,,,none,,,published,SEEDABLE,"La cuota es la del plan Business, no una cuota adicional de acquiring. Fuente de plan localizada: https://www.",,R7,primary_verified,,,,,,,
PT,Revolut Business,Scale,online,,280,20,12500,,,,,https://www.revolut.com/en-PT/business/accept-payments-pricing/,"American Express domestic commercial cards: 2,8% + €0.20 online; 2,6% + €0.02 in-person.",2026-08-20,,any,any,domestic,commercial,,true,gateway|plugins|subscriptions|payment_links|invoices,R5,patch_fino_r7.csv,,EUR,,,none,,,published,SEEDABLE,"La cuota es la del plan Business, no una cuota adicional de acquiring. Fuente de plan localizada: https://www.",,R7,primary_verified,,,,,,,
PT,Revolut Business,Scale,online,,170,20,12500,,,,,https://www.revolut.com/en-PT/business/accept-payments-pricing/,"American Express domestic consumer cards: 1,7% + €0.20 online; 1,7% + €0.02 in-person.",2026-08-20,,any,any,domestic,consumer_a,,true,gateway|plugins|subscriptions|payment_links|invoices,R5,patch_fino_r7.csv,,EUR,,,none,,,published,SEEDABLE,"La cuota es la del plan Business, no una cuota adicional de acquiring. Fuente de plan localizada: https://www.",,R7,primary_verified,,,,,,,
PT,Revolut Business,Scale,online,,100,20,12500,,,,,https://www.revolut.com/en-PT/business/accept-payments-pricing/,"Domestic & European consumer cards: 1% + €0.20 online; 0,8% + €0.02 in-person.",2026-08-20,,any,any,any,consumer_v,,true,gateway|plugins|subscriptions|payment_links|invoices,R5,patch_fino_r7.csv,,EUR,,,none,,,published,SEEDABLE,"La cuota es la del plan Business, no una cuota adicional de acquiring. Fuente de plan localizada: https://www.",,R7,primary_verified,,,,,,,
PT,Revolut Business,Scale,online,,280,20,12500,,,,,https://www.revolut.com/en-PT/business/accept-payments-pricing/,"All international cards: 2,8% + €0.20 online; 2,6% + €0.02 in-person.",2026-08-20,,any,any,non_eea,visa_maste,,true,gateway|plugins|subscriptions|payment_links|invoices,R5,patch_fino_r7.csv,,EUR,,,none,,,published,SEEDABLE,"La cuota es la del plan Business, no una cuota adicional de acquiring. Fuente de plan localizada: https://www.",,R7,primary_verified,,,,,,,
PT,Teya,Advanced,in_store,,109,0,1300,,,,,https://www.teya.com/pt/pricing-store,"Advanced. 13 €/mês + IVA · 1,09% · Desconto de 50%. Aplica-se uma taxa de 19,99 € quando o volume mensal de tr",2026-08-20,,any,any,any,standard,,true,any,R5,patch_fino_r7.csv,1999,EUR,,250000,plan+gmv,,,published,SEEDABLE,El descuento del 50% es para el primer terminal; no se ha convertido en tarifa de tarjeta.,,R7,primary_verified,,,,,,,
PT,Teya,Premium,in_store,,69,0,2500,,,,,https://www.teya.com/pt/pricing-store,"Premium. 25 €/mês + IVA · 0,69% · 1 Incluído. Aplica-se uma taxa de 19,99 € quando o volume mensal de transaçõ",2026-08-20,,any,any,any,standard,,true,any,R5,patch_fino_r7.csv,1999,EUR,,250000,plan+gmv,,,published,SEEDABLE,Incluye un terminal; no se imputa precio de compra adicional.,,R7,primary_verified,,,,,,,
PT,Teya,Simple,in_store,,159,0,0,,,,,https://www.teya.com/pt/pricing-store,"Simple. 0 €. Cartões de consumidor. 1,59%. Todas as taxas. Aplica-se uma taxa de 19,99 € quando o volume mensa",2026-08-20,,any,any,any,standard,,true,any,R5,patch_fino_r7.csv,1999,EUR,,250000,plan+gmv,,,published,SEEDABLE,"La página localizada PT contiene precio, moneda y país; todos los planes incluyen terminal, pero el hardware d",,R7,primary_verified,,,,,,,
PT,Viva.com,Default consumer pack (blended),in_store,,169,0,,,,,,https://www.viva.com/pt-pt/pricing,"Visa | 1,69% | –; aplica-se uma taxa mínima de 0,03€ por transação. Pagamentos Online: Visa | 2,19% | 0,24€.",2026-08-20,,any,any,any,standard,,true,any,R5,patch_fino_r7.csv,,EUR,,,,,,published,SEEDABLE,"Published consumer pack total is 1,69%. The rendered HTML price cell spans Interchange + Scheme + Viva.com acq",,R7,primary_verified,,,,,,,
PT,Viva.com,Default IC++ other cards,in_store,,116,0,,,,,,https://www.viva.com/pt-pt/pricing,"Visa | ✓ | ✓ | 1,16% | –; aplica-se uma taxa mínima de 0,03€ por transação.",2026-08-20,,any,any,any,commercial,,false,any,R5,patch_fino_r7.csv,,EUR,,,,,,published,SEEDABLE,rate_bps is Viva.com acquiring margin only; interchange and scheme are added separately. Non-EEA +0.40% is pub,,R7,primary_verified,,,,,,,
PT,Viva.com,Default consumer pack (blended),moto,,219,24,,,,,,https://www.viva.com/pt-pt/pricing,"Visa | 1,69% | –; aplica-se uma taxa mínima de 0,03€ por transação. Pagamentos Online: Visa | 2,19% | 0,24€. V",2026-08-20,,any,any,any,standard,,true,virtual_terminal_moto,R5,patch_fino_r7.csv,,EUR,,,,,,published,SEEDABLE,"Published consumer pack total is 2,19% + 0,24€. The rendered HTML price cell spans Interchange + Scheme + Viva",,R7,primary_verified,,,,,,,
PT,Viva.com,Default IC++ other cards,moto,,206,24,,,,,,https://www.viva.com/pt-pt/pricing,"Visa | ✓ | ✓ | 2,06% | 0,24€; Terminal Virtual/MOTO.",2026-08-20,,any,any,any,commercial,,false,virtual_terminal_moto,R5,patch_fino_r7.csv,,EUR,,,,,,published,SEEDABLE,rate_bps is Viva.com acquiring margin only; interchange and scheme are added separately. Fixed processing fee ,,R7,primary_verified,,,,,,,
PT,Viva.com,Default consumer pack (blended),online,,219,24,,,,,,https://www.viva.com/pt-pt/pricing,"Visa | 1,69% | –; aplica-se uma taxa mínima de 0,03€ por transação. Pagamentos Online: Visa | 2,19% | 0,24€.",2026-08-20,,any,any,any,standard,,true,smart_checkout,R5,patch_fino_r7.csv,,EUR,,,,,,published,SEEDABLE,"Published consumer pack total is 2,19% + 0,24€. The rendered HTML price cell spans Interchange + Scheme + Viva",,R7,primary_verified,,,,,,,
PT,Viva.com,Default IC++ other cards,online,,206,24,,,,,,https://www.viva.com/pt-pt/pricing,"Visa | ✓ | ✓ | 2,06% | 0,24€.",2026-08-20,,any,any,any,commercial,,false,smart_checkout,R5,patch_fino_r7.csv,,EUR,,,,,,published,SEEDABLE,rate_bps is Viva.com acquiring margin only; interchange and scheme are added separately. Fixed processing fee ,,R7,primary_verified,,,,,,,
HR,Revolut Business,Basic,online,,280,20,1000,,,,,https://www.revolut.com/en-HR/business/accept-payments-pricing/,American Express all international cards: 2.8% + €0.20 online; 2.6% + €0.02 in-person.,2026-08-20,,any,any,non_eea,amex,,true,gateway|plugins|subscriptions|payment_links|invoices,R5,patch_fino_r7.csv,,EUR,,,none,,,published,SEEDABLE,"La cuota es la del plan Business, no una cuota adicional de acquiring. Fuente de plan localizada: https://www.",,R7,primary_verified,,,,,,,
HR,Revolut Business,Basic,online,,280,20,1000,,,,,https://www.revolut.com/en-HR/business/accept-payments-pricing/,American Express domestic commercial cards: 2.8% + €0.20 online; 2.6% + €0.02 in-person.,2026-08-20,,any,any,domestic,commercial,,true,gateway|plugins|subscriptions|payment_links|invoices,R5,patch_fino_r7.csv,,EUR,,,none,,,published,SEEDABLE,"La cuota es la del plan Business, no una cuota adicional de acquiring. Fuente de plan localizada: https://www.",,R7,primary_verified,,,,,,,
HR,Revolut Business,Basic,online,,170,20,1000,,,,,https://www.revolut.com/en-HR/business/accept-payments-pricing/,American Express domestic consumer cards: 1.7% + €0.20 online; 1.7% + €0.02 in-person.,2026-08-20,,any,any,domestic,consumer_a,,true,gateway|plugins|subscriptions|payment_links|invoices,R5,patch_fino_r7.csv,,EUR,,,none,,,published,SEEDABLE,"La cuota es la del plan Business, no una cuota adicional de acquiring. Fuente de plan localizada: https://www.",,R7,primary_verified,,,,,,,
HR,Revolut Business,Basic,online,,100,20,1000,,,,,https://www.revolut.com/en-HR/business/accept-payments-pricing/,Domestic & European consumer cards: 1% + €0.20 online; 0.8% + €0.02 in-person.,2026-08-20,,any,any,any,consumer_v,,true,gateway|plugins|subscriptions|payment_links|invoices,R5,patch_fino_r7.csv,,EUR,,,none,,,published,SEEDABLE,"La cuota es la del plan Business, no una cuota adicional de acquiring. Fuente de plan localizada: https://www.",,R7,primary_verified,,,,,,,
HR,Revolut Business,Basic,online,,280,20,1000,,,,,https://www.revolut.com/en-HR/business/accept-payments-pricing/,All international cards: 2.8% + €0.20 online; 2.6% + €0.02 in-person.,2026-08-20,,any,any,non_eea,visa_maste,,true,gateway|plugins|subscriptions|payment_links|invoices,R5,patch_fino_r7.csv,,EUR,,,none,,,published,SEEDABLE,"La cuota es la del plan Business, no una cuota adicional de acquiring. Fuente de plan localizada: https://www.",,R7,primary_verified,,,,,,,
HR,Revolut Business,Grow,online,,280,20,3000,,,,,https://www.revolut.com/en-HR/business/accept-payments-pricing/,American Express all international cards: 2.8% + €0.20 online; 2.6% + €0.02 in-person.,2026-08-20,,any,any,non_eea,amex,,true,gateway|plugins|subscriptions|payment_links|invoices,R5,patch_fino_r7.csv,,EUR,,,none,,,published,SEEDABLE,"La cuota es la del plan Business, no una cuota adicional de acquiring. Fuente de plan localizada: https://www.",,R7,primary_verified,,,,,,,
HR,Revolut Business,Grow,online,,280,20,3000,,,,,https://www.revolut.com/en-HR/business/accept-payments-pricing/,American Express domestic commercial cards: 2.8% + €0.20 online; 2.6% + €0.02 in-person.,2026-08-20,,any,any,domestic,commercial,,true,gateway|plugins|subscriptions|payment_links|invoices,R5,patch_fino_r7.csv,,EUR,,,none,,,published,SEEDABLE,"La cuota es la del plan Business, no una cuota adicional de acquiring. Fuente de plan localizada: https://www.",,R7,primary_verified,,,,,,,
HR,Revolut Business,Grow,online,,170,20,3000,,,,,https://www.revolut.com/en-HR/business/accept-payments-pricing/,American Express domestic consumer cards: 1.7% + €0.20 online; 1.7% + €0.02 in-person.,2026-08-20,,any,any,domestic,consumer_a,,true,gateway|plugins|subscriptions|payment_links|invoices,R5,patch_fino_r7.csv,,EUR,,,none,,,published,SEEDABLE,"La cuota es la del plan Business, no una cuota adicional de acquiring. Fuente de plan localizada: https://www.",,R7,primary_verified,,,,,,,
HR,Revolut Business,Grow,online,,100,20,3000,,,,,https://www.revolut.com/en-HR/business/accept-payments-pricing/,Domestic & European consumer cards: 1% + €0.20 online; 0.8% + €0.02 in-person.,2026-08-20,,any,any,any,consumer_v,,true,gateway|plugins|subscriptions|payment_links|invoices,R5,patch_fino_r7.csv,,EUR,,,none,,,published,SEEDABLE,"La cuota es la del plan Business, no una cuota adicional de acquiring. Fuente de plan localizada: https://www.",,R7,primary_verified,,,,,,,
HR,Revolut Business,Grow,online,,280,20,3000,,,,,https://www.revolut.com/en-HR/business/accept-payments-pricing/,All international cards: 2.8% + €0.20 online; 2.6% + €0.02 in-person.,2026-08-20,,any,any,non_eea,visa_maste,,true,gateway|plugins|subscriptions|payment_links|invoices,R5,patch_fino_r7.csv,,EUR,,,none,,,published,SEEDABLE,"La cuota es la del plan Business, no una cuota adicional de acquiring. Fuente de plan localizada: https://www.",,R7,primary_verified,,,,,,,
HR,Revolut Business,Scale,online,,280,20,9000,,,,,https://www.revolut.com/en-HR/business/accept-payments-pricing/,American Express all international cards: 2.8% + €0.20 online; 2.6% + €0.02 in-person.,2026-08-20,,any,any,non_eea,amex,,true,gateway|plugins|subscriptions|payment_links|invoices,R5,patch_fino_r7.csv,,EUR,,,none,,,published,SEEDABLE,"La cuota es la del plan Business, no una cuota adicional de acquiring. Fuente de plan localizada: https://www.",,R7,primary_verified,,,,,,,
HR,Revolut Business,Scale,online,,280,20,9000,,,,,https://www.revolut.com/en-HR/business/accept-payments-pricing/,American Express domestic commercial cards: 2.8% + €0.20 online; 2.6% + €0.02 in-person.,2026-08-20,,any,any,domestic,commercial,,true,gateway|plugins|subscriptions|payment_links|invoices,R5,patch_fino_r7.csv,,EUR,,,none,,,published,SEEDABLE,"La cuota es la del plan Business, no una cuota adicional de acquiring. Fuente de plan localizada: https://www.",,R7,primary_verified,,,,,,,
HR,Revolut Business,Scale,online,,170,20,9000,,,,,https://www.revolut.com/en-HR/business/accept-payments-pricing/,American Express domestic consumer cards: 1.7% + €0.20 online; 1.7% + €0.02 in-person.,2026-08-20,,any,any,domestic,consumer_a,,true,gateway|plugins|subscriptions|payment_links|invoices,R5,patch_fino_r7.csv,,EUR,,,none,,,published,SEEDABLE,"La cuota es la del plan Business, no una cuota adicional de acquiring. Fuente de plan localizada: https://www.",,R7,primary_verified,,,,,,,
HR,Revolut Business,Scale,online,,100,20,9000,,,,,https://www.revolut.com/en-HR/business/accept-payments-pricing/,Domestic & European consumer cards: 1% + €0.20 online; 0.8% + €0.02 in-person.,2026-08-20,,any,any,any,consumer_v,,true,gateway|plugins|subscriptions|payment_links|invoices,R5,patch_fino_r7.csv,,EUR,,,none,,,published,SEEDABLE,"La cuota es la del plan Business, no una cuota adicional de acquiring. Fuente de plan localizada: https://www.",,R7,primary_verified,,,,,,,
HR,Revolut Business,Scale,online,,280,20,9000,,,,,https://www.revolut.com/en-HR/business/accept-payments-pricing/,All international cards: 2.8% + €0.20 online; 2.6% + €0.02 in-person.,2026-08-20,,any,any,non_eea,visa_maste,,true,gateway|plugins|subscriptions|payment_links|invoices,R5,patch_fino_r7.csv,,EUR,,,none,,,published,SEEDABLE,"La cuota es la del plan Business, no una cuota adicional de acquiring. Fuente de plan localizada: https://www.",,R7,primary_verified,,,,,,,
HR,Teya,Start,in_store,,139,0,0,,,,,https://www.teya.com/hr/pricing-store,"Start. Mjesečni kartični promet: €0-€7,500. 0 €. PRIVATNE KARTICE. 1,39%. Sve naknade. Mjesečna cijena od 14.9",2026-08-20,,any,any,any,standard,,true,any,R5,patch_fino_r7.csv,1499,EUR,0,750000,gmv,,,published,SEEDABLE,Teya Pro tiene precio estándar de hardware 145 EUR + IVA; la página de compra mostraba promoción de dispositiv,,R7,primary_verified,,,,,,,
HR,Viva.com,Default consumer pack (blended),in_store,,169,0,,,,,,https://www.viva.com/hr-hr/pricing,"Kartica prisutna — 1,69%; minimalna naknada 0,03€ po transakciji. Online plaćanja — 2,19% + 0,24€.",2026-08-20,,any,any,any,standard,,true,any,R5,patch_fino_r7.csv,,EUR,,,,,,published,SEEDABLE,"Published consumer pack total is 1,69%. The rendered HTML price cell spans Interchange + Scheme + Viva.com acq",,R7,primary_verified,,,,,,,
HR,Viva.com,Default IC++ other cards,in_store,,116,0,,,,,,https://www.viva.com/hr-hr/pricing,"Visa | ✓ | ✓ | 1,16% | –; minimalna naknada 0,03€ po transakciji.",2026-08-20,,any,any,any,commercial,,false,any,R5,patch_fino_r7.csv,,EUR,,,,,,published,SEEDABLE,rate_bps is Viva.com acquiring margin only; interchange and scheme are added separately. Non-EEA +0.40% is pub,,R7,primary_verified,,,,,,,
HR,Viva.com,Default consumer pack (blended),moto,,219,24,,,,,,https://www.viva.com/hr-hr/pricing,"Kartica prisutna — 1,69%; minimalna naknada 0,03€ po transakciji. Online plaćanja — 2,19% + 0,24€. Visa | ✓ | ",2026-08-20,,any,any,any,standard,,true,virtual_terminal_moto,R5,patch_fino_r7.csv,,EUR,,,,,,published,SEEDABLE,"Published consumer pack total is 2,19% + 0,24€. The rendered HTML price cell spans Interchange + Scheme + Viva",,R7,primary_verified,,,,,,,
HR,Viva.com,Default IC++ other cards,moto,,206,24,,,,,,https://www.viva.com/hr-hr/pricing,"Visa | ✓ | ✓ | 2,06% | 0,24€; Virtualni Terminal i MOTO.",2026-08-20,,any,any,any,commercial,,false,virtual_terminal_moto,R5,patch_fino_r7.csv,,EUR,,,,,,published,SEEDABLE,rate_bps is Viva.com acquiring margin only; interchange and scheme are added separately. Fixed processing fee ,,R7,primary_verified,,,,,,,
HR,Viva.com,Default consumer pack (blended),online,,219,24,,,,,,https://www.viva.com/hr-hr/pricing,"Kartica prisutna — 1,69%; minimalna naknada 0,03€ po transakciji. Online plaćanja — 2,19% + 0,24€.",2026-08-20,,any,any,any,standard,,true,smart_checkout,R5,patch_fino_r7.csv,,EUR,,,,,,published,SEEDABLE,"Published consumer pack total is 2,19% + 0,24€. The rendered HTML price cell spans Interchange + Scheme + Viva",,R7,primary_verified,,,,,,,
HR,Viva.com,Default IC++ other cards,online,,206,24,,,,,,https://www.viva.com/hr-hr/pricing,"Visa | ✓ | ✓ | 2,06% | 0,24€.",2026-08-20,,any,any,any,commercial,,false,smart_checkout,R5,patch_fino_r7.csv,,EUR,,,,,,published,SEEDABLE,rate_bps is Viva.com acquiring margin only; interchange and scheme are added separately. Fixed processing fee ,,R7,primary_verified,,,,,,,
CZ,Revolut Business,Basic,in_store,,260,60,25000,,,,,https://www.revolut.com/cs-CZ/business/accept-payments-pricing/,"American Express všechny mezinárodní karty: 2,8 % + 6 Kč online; 2,6 % + 0,60 Kč osobně. Revolut Terminal 4 70",2026-08-20,,any,any,non_eea,amex,,true,any,R5,patch_fino_r7.csv,,CZK,,,none,,,published,SEEDABLE,"Canal: Revolut Terminal/Lite. Revolut Terminal 4 700 Kč + DPH; Lite Terminal 3 340 Kč + VAT, pago único. Tap t",,R7,primary_verified,,,,,,,
CZ,Revolut Business,Basic,in_store,,260,60,25000,,,,,https://www.revolut.com/cs-CZ/business/accept-payments-pricing/,"American Express tuzemské komerční karty: 2,8 % + 6 Kč online; 2,6 % + 0,60 Kč osobně. Revolut Terminal 4 700 ",2026-08-20,,any,any,domestic,commercial,,true,any,R5,patch_fino_r7.csv,,CZK,,,none,,,published,SEEDABLE,"Canal: Revolut Terminal/Lite. Revolut Terminal 4 700 Kč + DPH; Lite Terminal 3 340 Kč + VAT, pago único. Tap t",,R7,primary_verified,,,,,,,
CZ,Revolut Business,Basic,in_store,,170,60,25000,,,,,https://www.revolut.com/cs-CZ/business/accept-payments-pricing/,"American Express tuzemské spotřebitelské karty: 1,7 % + 6 Kč online; 1,7 % + 0,60 Kč osobně. Revolut Terminal ",2026-08-20,,any,any,domestic,consumer_a,,true,any,R5,patch_fino_r7.csv,,CZK,,,none,,,published,SEEDABLE,"Canal: Revolut Terminal/Lite. Revolut Terminal 4 700 Kč + DPH; Lite Terminal 3 340 Kč + VAT, pago único. Tap t",,R7,primary_verified,,,,,,,
CZ,Revolut Business,Basic,in_store,,80,60,25000,,,,,https://www.revolut.com/cs-CZ/business/accept-payments-pricing/,"Tuzemské a evropské spotřebitelské karty: 1 % + 6 Kč online; 0,8 % + 0,60 Kč osobně. Revolut Terminal 4 700 Kč",2026-08-20,,any,any,any,consumer_v,,true,any,R5,patch_fino_r7.csv,,CZK,,,none,,,published,SEEDABLE,"Canal: Revolut Terminal/Lite. Revolut Terminal 4 700 Kč + DPH; Lite Terminal 3 340 Kč + VAT, pago único. Tap t",,R7,primary_verified,,,,,,,
CZ,Revolut Business,Basic,in_store,,260,60,25000,,,,,https://www.revolut.com/cs-CZ/business/accept-payments-pricing/,"Všechny mezinárodní karty: 2,8 % + 6 Kč online; 2,6 % + 0,60 Kč osobně. Revolut Terminal 4 700 Kč + DPH; Lite ",2026-08-20,,any,any,non_eea,visa_maste,,true,any,R5,patch_fino_r7.csv,,CZK,,,none,,,published,SEEDABLE,"Canal: Revolut Terminal/Lite. Revolut Terminal 4 700 Kč + DPH; Lite Terminal 3 340 Kč + VAT, pago único. Tap t",,R7,primary_verified,,,,,,,
CZ,Revolut Business,Grow,in_store,,260,60,85000,,,,,https://www.revolut.com/cs-CZ/business/accept-payments-pricing/,"American Express všechny mezinárodní karty: 2,8 % + 6 Kč online; 2,6 % + 0,60 Kč osobně. Revolut Terminal 4 70",2026-08-20,,any,any,non_eea,amex,,true,any,R5,patch_fino_r7.csv,,CZK,,,none,,,published,SEEDABLE,"Canal: Revolut Terminal/Lite. Revolut Terminal 4 700 Kč + DPH; Lite Terminal 3 340 Kč + VAT, pago único. Tap t",,R7,primary_verified,,,,,,,
CZ,Revolut Business,Grow,in_store,,260,60,85000,,,,,https://www.revolut.com/cs-CZ/business/accept-payments-pricing/,"American Express tuzemské komerční karty: 2,8 % + 6 Kč online; 2,6 % + 0,60 Kč osobně. Revolut Terminal 4 700 ",2026-08-20,,any,any,domestic,commercial,,true,any,R5,patch_fino_r7.csv,,CZK,,,none,,,published,SEEDABLE,"Canal: Revolut Terminal/Lite. Revolut Terminal 4 700 Kč + DPH; Lite Terminal 3 340 Kč + VAT, pago único. Tap t",,R7,primary_verified,,,,,,,
CZ,Revolut Business,Grow,in_store,,170,60,85000,,,,,https://www.revolut.com/cs-CZ/business/accept-payments-pricing/,"American Express tuzemské spotřebitelské karty: 1,7 % + 6 Kč online; 1,7 % + 0,60 Kč osobně. Revolut Terminal ",2026-08-20,,any,any,domestic,consumer_a,,true,any,R5,patch_fino_r7.csv,,CZK,,,none,,,published,SEEDABLE,"Canal: Revolut Terminal/Lite. Revolut Terminal 4 700 Kč + DPH; Lite Terminal 3 340 Kč + VAT, pago único. Tap t",,R7,primary_verified,,,,,,,
CZ,Revolut Business,Grow,in_store,,80,60,85000,,,,,https://www.revolut.com/cs-CZ/business/accept-payments-pricing/,"Tuzemské a evropské spotřebitelské karty: 1 % + 6 Kč online; 0,8 % + 0,60 Kč osobně. Revolut Terminal 4 700 Kč",2026-08-20,,any,any,any,consumer_v,,true,any,R5,patch_fino_r7.csv,,CZK,,,none,,,published,SEEDABLE,"Canal: Revolut Terminal/Lite. Revolut Terminal 4 700 Kč + DPH; Lite Terminal 3 340 Kč + VAT, pago único. Tap t",,R7,primary_verified,,,,,,,
CZ,Revolut Business,Grow,in_store,,260,60,85000,,,,,https://www.revolut.com/cs-CZ/business/accept-payments-pricing/,"Všechny mezinárodní karty: 2,8 % + 6 Kč online; 2,6 % + 0,60 Kč osobně. Revolut Terminal 4 700 Kč + DPH; Lite ",2026-08-20,,any,any,non_eea,visa_maste,,true,any,R5,patch_fino_r7.csv,,CZK,,,none,,,published,SEEDABLE,"Canal: Revolut Terminal/Lite. Revolut Terminal 4 700 Kč + DPH; Lite Terminal 3 340 Kč + VAT, pago único. Tap t",,R7,primary_verified,,,,,,,
CZ,Revolut Business,Scale,in_store,,260,60,250000,,,,,https://www.revolut.com/cs-CZ/business/accept-payments-pricing/,"American Express všechny mezinárodní karty: 2,8 % + 6 Kč online; 2,6 % + 0,60 Kč osobně. Revolut Terminal 4 70",2026-08-20,,any,any,non_eea,amex,,true,any,R5,patch_fino_r7.csv,,CZK,,,none,,,published,SEEDABLE,"Canal: Revolut Terminal/Lite. Revolut Terminal 4 700 Kč + DPH; Lite Terminal 3 340 Kč + VAT, pago único. Tap t",,R7,primary_verified,,,,,,,
CZ,Revolut Business,Scale,in_store,,260,60,250000,,,,,https://www.revolut.com/cs-CZ/business/accept-payments-pricing/,"American Express tuzemské komerční karty: 2,8 % + 6 Kč online; 2,6 % + 0,60 Kč osobně. Revolut Terminal 4 700 ",2026-08-20,,any,any,domestic,commercial,,true,any,R5,patch_fino_r7.csv,,CZK,,,none,,,published,SEEDABLE,"Canal: Revolut Terminal/Lite. Revolut Terminal 4 700 Kč + DPH; Lite Terminal 3 340 Kč + VAT, pago único. Tap t",,R7,primary_verified,,,,,,,
CZ,Revolut Business,Scale,in_store,,170,60,250000,,,,,https://www.revolut.com/cs-CZ/business/accept-payments-pricing/,"American Express tuzemské spotřebitelské karty: 1,7 % + 6 Kč online; 1,7 % + 0,60 Kč osobně. Revolut Terminal ",2026-08-20,,any,any,domestic,consumer_a,,true,any,R5,patch_fino_r7.csv,,CZK,,,none,,,published,SEEDABLE,"Canal: Revolut Terminal/Lite. Revolut Terminal 4 700 Kč + DPH; Lite Terminal 3 340 Kč + VAT, pago único. Tap t",,R7,primary_verified,,,,,,,
CZ,Revolut Business,Scale,in_store,,80,60,250000,,,,,https://www.revolut.com/cs-CZ/business/accept-payments-pricing/,"Tuzemské a evropské spotřebitelské karty: 1 % + 6 Kč online; 0,8 % + 0,60 Kč osobně. Revolut Terminal 4 700 Kč",2026-08-20,,any,any,any,consumer_v,,true,any,R5,patch_fino_r7.csv,,CZK,,,none,,,published,SEEDABLE,"Canal: Revolut Terminal/Lite. Revolut Terminal 4 700 Kč + DPH; Lite Terminal 3 340 Kč + VAT, pago único. Tap t",,R7,primary_verified,,,,,,,
CZ,Revolut Business,Scale,in_store,,260,60,250000,,,,,https://www.revolut.com/cs-CZ/business/accept-payments-pricing/,"Všechny mezinárodní karty: 2,8 % + 6 Kč online; 2,6 % + 0,60 Kč osobně. Revolut Terminal 4 700 Kč + DPH; Lite ",2026-08-20,,any,any,non_eea,visa_maste,,true,any,R5,patch_fino_r7.csv,,CZK,,,none,,,published,SEEDABLE,"Canal: Revolut Terminal/Lite. Revolut Terminal 4 700 Kč + DPH; Lite Terminal 3 340 Kč + VAT, pago único. Tap t",,R7,primary_verified,,,,,,,
CZ,Revolut Business,Basic,online,,280,600,25000,,,,,https://www.revolut.com/cs-CZ/business/accept-payments-pricing/,"American Express všechny mezinárodní karty: 2,8 % + 6 Kč online; 2,6 % + 0,60 Kč osobně.",2026-08-20,,any,any,non_eea,amex,,true,gateway|plugins|subscriptions|payment_links|invoices,R5,patch_fino_r7.csv,,CZK,,,none,,,published,SEEDABLE,"La cuota es la del plan Business, no una cuota adicional de acquiring. Fuente de plan localizada: https://www.",,R7,primary_verified,,,,,,,
CZ,Revolut Business,Basic,online,,280,600,25000,,,,,https://www.revolut.com/cs-CZ/business/accept-payments-pricing/,"American Express tuzemské komerční karty: 2,8 % + 6 Kč online; 2,6 % + 0,60 Kč osobně.",2026-08-20,,any,any,domestic,commercial,,true,gateway|plugins|subscriptions|payment_links|invoices,R5,patch_fino_r7.csv,,CZK,,,none,,,published,SEEDABLE,"La cuota es la del plan Business, no una cuota adicional de acquiring. Fuente de plan localizada: https://www.",,R7,primary_verified,,,,,,,
CZ,Revolut Business,Basic,online,,170,600,25000,,,,,https://www.revolut.com/cs-CZ/business/accept-payments-pricing/,"American Express tuzemské spotřebitelské karty: 1,7 % + 6 Kč online; 1,7 % + 0,60 Kč osobně.",2026-08-20,,any,any,domestic,consumer_a,,true,gateway|plugins|subscriptions|payment_links|invoices,R5,patch_fino_r7.csv,,CZK,,,none,,,published,SEEDABLE,"La cuota es la del plan Business, no una cuota adicional de acquiring. Fuente de plan localizada: https://www.",,R7,primary_verified,,,,,,,
CZ,Revolut Business,Basic,online,,100,600,25000,,,,,https://www.revolut.com/cs-CZ/business/accept-payments-pricing/,"Tuzemské a evropské spotřebitelské karty: 1 % + 6 Kč online; 0,8 % + 0,60 Kč osobně.",2026-08-20,,any,any,any,consumer_v,,true,gateway|plugins|subscriptions|payment_links|invoices,R5,patch_fino_r7.csv,,CZK,,,none,,,published,SEEDABLE,"La cuota es la del plan Business, no una cuota adicional de acquiring. Fuente de plan localizada: https://www.",,R7,primary_verified,,,,,,,
CZ,Revolut Business,Basic,online,,280,600,25000,,,,,https://www.revolut.com/cs-CZ/business/accept-payments-pricing/,"Všechny mezinárodní karty: 2,8 % + 6 Kč online; 2,6 % + 0,60 Kč osobně.",2026-08-20,,any,any,non_eea,visa_maste,,true,gateway|plugins|subscriptions|payment_links|invoices,R5,patch_fino_r7.csv,,CZK,,,none,,,published,SEEDABLE,"La cuota es la del plan Business, no una cuota adicional de acquiring. Fuente de plan localizada: https://www.",,R7,primary_verified,,,,,,,
CZ,Revolut Business,Grow,online,,280,600,85000,,,,,https://www.revolut.com/cs-CZ/business/accept-payments-pricing/,"American Express všechny mezinárodní karty: 2,8 % + 6 Kč online; 2,6 % + 0,60 Kč osobně.",2026-08-20,,any,any,non_eea,amex,,true,gateway|plugins|subscriptions|payment_links|invoices,R5,patch_fino_r7.csv,,CZK,,,none,,,published,SEEDABLE,"La cuota es la del plan Business, no una cuota adicional de acquiring. Fuente de plan localizada: https://www.",,R7,primary_verified,,,,,,,
CZ,Revolut Business,Grow,online,,280,600,85000,,,,,https://www.revolut.com/cs-CZ/business/accept-payments-pricing/,"American Express tuzemské komerční karty: 2,8 % + 6 Kč online; 2,6 % + 0,60 Kč osobně.",2026-08-20,,any,any,domestic,commercial,,true,gateway|plugins|subscriptions|payment_links|invoices,R5,patch_fino_r7.csv,,CZK,,,none,,,published,SEEDABLE,"La cuota es la del plan Business, no una cuota adicional de acquiring. Fuente de plan localizada: https://www.",,R7,primary_verified,,,,,,,
CZ,Revolut Business,Grow,online,,170,600,85000,,,,,https://www.revolut.com/cs-CZ/business/accept-payments-pricing/,"American Express tuzemské spotřebitelské karty: 1,7 % + 6 Kč online; 1,7 % + 0,60 Kč osobně.",2026-08-20,,any,any,domestic,consumer_a,,true,gateway|plugins|subscriptions|payment_links|invoices,R5,patch_fino_r7.csv,,CZK,,,none,,,published,SEEDABLE,"La cuota es la del plan Business, no una cuota adicional de acquiring. Fuente de plan localizada: https://www.",,R7,primary_verified,,,,,,,
CZ,Revolut Business,Grow,online,,100,600,85000,,,,,https://www.revolut.com/cs-CZ/business/accept-payments-pricing/,"Tuzemské a evropské spotřebitelské karty: 1 % + 6 Kč online; 0,8 % + 0,60 Kč osobně.",2026-08-20,,any,any,any,consumer_v,,true,gateway|plugins|subscriptions|payment_links|invoices,R5,patch_fino_r7.csv,,CZK,,,none,,,published,SEEDABLE,"La cuota es la del plan Business, no una cuota adicional de acquiring. Fuente de plan localizada: https://www.",,R7,primary_verified,,,,,,,
CZ,Revolut Business,Grow,online,,280,600,85000,,,,,https://www.revolut.com/cs-CZ/business/accept-payments-pricing/,"Všechny mezinárodní karty: 2,8 % + 6 Kč online; 2,6 % + 0,60 Kč osobně.",2026-08-20,,any,any,non_eea,visa_maste,,true,gateway|plugins|subscriptions|payment_links|invoices,R5,patch_fino_r7.csv,,CZK,,,none,,,published,SEEDABLE,"La cuota es la del plan Business, no una cuota adicional de acquiring. Fuente de plan localizada: https://www.",,R7,primary_verified,,,,,,,
CZ,Revolut Business,Scale,online,,280,600,250000,,,,,https://www.revolut.com/cs-CZ/business/accept-payments-pricing/,"American Express všechny mezinárodní karty: 2,8 % + 6 Kč online; 2,6 % + 0,60 Kč osobně.",2026-08-20,,any,any,non_eea,amex,,true,gateway|plugins|subscriptions|payment_links|invoices,R5,patch_fino_r7.csv,,CZK,,,none,,,published,SEEDABLE,"La cuota es la del plan Business, no una cuota adicional de acquiring. Fuente de plan localizada: https://www.",,R7,primary_verified,,,,,,,
CZ,Revolut Business,Scale,online,,280,600,250000,,,,,https://www.revolut.com/cs-CZ/business/accept-payments-pricing/,"American Express tuzemské komerční karty: 2,8 % + 6 Kč online; 2,6 % + 0,60 Kč osobně.",2026-08-20,,any,any,domestic,commercial,,true,gateway|plugins|subscriptions|payment_links|invoices,R5,patch_fino_r7.csv,,CZK,,,none,,,published,SEEDABLE,"La cuota es la del plan Business, no una cuota adicional de acquiring. Fuente de plan localizada: https://www.",,R7,primary_verified,,,,,,,
CZ,Revolut Business,Scale,online,,170,600,250000,,,,,https://www.revolut.com/cs-CZ/business/accept-payments-pricing/,"American Express tuzemské spotřebitelské karty: 1,7 % + 6 Kč online; 1,7 % + 0,60 Kč osobně.",2026-08-20,,any,any,domestic,consumer_a,,true,gateway|plugins|subscriptions|payment_links|invoices,R5,patch_fino_r7.csv,,CZK,,,none,,,published,SEEDABLE,"La cuota es la del plan Business, no una cuota adicional de acquiring. Fuente de plan localizada: https://www.",,R7,primary_verified,,,,,,,
CZ,Revolut Business,Scale,online,,100,600,250000,,,,,https://www.revolut.com/cs-CZ/business/accept-payments-pricing/,"Tuzemské a evropské spotřebitelské karty: 1 % + 6 Kč online; 0,8 % + 0,60 Kč osobně.",2026-08-20,,any,any,any,consumer_v,,true,gateway|plugins|subscriptions|payment_links|invoices,R5,patch_fino_r7.csv,,CZK,,,none,,,published,SEEDABLE,"La cuota es la del plan Business, no una cuota adicional de acquiring. Fuente de plan localizada: https://www.",,R7,primary_verified,,,,,,,
CZ,Revolut Business,Scale,online,,280,600,250000,,,,,https://www.revolut.com/cs-CZ/business/accept-payments-pricing/,"Všechny mezinárodní karty: 2,8 % + 6 Kč online; 2,6 % + 0,60 Kč osobně.",2026-08-20,,any,any,non_eea,visa_maste,,true,gateway|plugins|subscriptions|payment_links|invoices,R5,patch_fino_r7.csv,,CZK,,,none,,,published,SEEDABLE,"La cuota es la del plan Business, no una cuota adicional de acquiring. Fuente de plan localizada: https://www.",,R7,primary_verified,,,,,,,
CZ,Teya,Tap to Pay standalone,in_store,,169,0,0,,,,,https://pomoc.teya.com/hc/cs-cz/articles/29300601859473-Poplatky-za-Tap-to-Pay,Za používání služby Tap to Pay neplatíte žádné fixní náklady. Na transakce se však vztahují smíšené poplatky v,2026-08-20,,any,any,any,all,,true,tap_to_pay,R5,patch_fino_r7.csv,0,CZK,,,plan,,,published,SEEDABLE,"Para clientes que ya tienen terminal Teya, la ayuda dice que Tap to Pay usa las mismas tasas de su terminal; n",,R7,primary_verified,,,,,,,
CZ,Viva.com,Default consumer pack (blended),in_store,,169,0,,,,,,https://www.viva.com/cs-cz/pricing,"Platba s přítomností karty: 1,69%; minimální poplatek 0,72 CZK. Online platby: 2,19% + 10 CZK.",2026-08-20,,any,any,domestic,standard,,true,any,R5,patch_fino_r7.csv,,CZK,,,,,,published,SEEDABLE,"Published consumer pack total is 1,69%. The rendered HTML price cell spans Interchange + Scheme + Viva.com acq",,R7,primary_verified,,,,,,,
CZ,Viva.com,Default IC++ other cards,in_store,,116,0,,,,,,https://www.viva.com/cs-cz/pricing,"Visa | ✓ | ✓ | 1,16% | –; minimální poplatek 0,72 CZK.",2026-08-20,,any,any,any,commercial,,false,any,R5,patch_fino_r7.csv,,CZK,,,,,,published,SEEDABLE,rate_bps is Viva.com acquiring margin only; interchange and scheme are added separately. Non-EEA +0.40% is pub,,R7,primary_verified,,,,,,,
CZ,Viva.com,Default consumer pack (blended),moto,,219,1000,,,,,,https://www.viva.com/cs-cz/pricing,"Platba s přítomností karty: 1,69%; minimální poplatek 0,72 CZK. Online platby: 2,19% + 10 CZK. Visa | ✓ | ✓ | ",2026-08-20,,any,any,domestic,standard,,true,virtual_terminal_moto,R5,patch_fino_r7.csv,,CZK,,,,,,published,SEEDABLE,"Published consumer pack total is 2,19% + 10 CZK. The rendered HTML price cell spans Interchange + Scheme + Viv",,R7,primary_verified,,,,,,,
CZ,Viva.com,Default IC++ other cards,moto,,206,1000,,,,,,https://www.viva.com/cs-cz/pricing,"Visa | ✓ | ✓ | 2,06% | 10 CZK; virtuální terminál a MOTO.",2026-08-20,,any,any,any,commercial,,false,virtual_terminal_moto,R5,patch_fino_r7.csv,,CZK,,,,,,published,SEEDABLE,rate_bps is Viva.com acquiring margin only; interchange and scheme are added separately. Fixed processing fee ,,R7,primary_verified,,,,,,,
CZ,Viva.com,Default consumer pack (blended),online,,219,1000,,,,,,https://www.viva.com/cs-cz/pricing,"Platba s přítomností karty: 1,69%; minimální poplatek 0,72 CZK. Online platby: 2,19% + 10 CZK.",2026-08-20,,any,any,domestic,standard,,true,smart_checkout,R5,patch_fino_r7.csv,,CZK,,,,,,published,SEEDABLE,"Published consumer pack total is 2,19% + 10 CZK. The rendered HTML price cell spans Interchange + Scheme + Viv",,R7,primary_verified,,,,,,,
CZ,Viva.com,Default IC++ other cards,online,,206,1000,,,,,,https://www.viva.com/cs-cz/pricing,"Visa | ✓ | ✓ | 2,06% | 10 CZK.",2026-08-20,,any,any,any,commercial,,false,smart_checkout,R5,patch_fino_r7.csv,,CZK,,,,,,published,SEEDABLE,rate_bps is Viva.com acquiring margin only; interchange and scheme are added separately. Fixed processing fee ,,R7,primary_verified,,,,,,,
DE,Revolut Business,Basic,in_store,,260,10,1000,,,,,https://www.revolut.com/de-DE/business/accept-payments-pricing/,"American Express alle internationalen Karten: 2,8 % + 0,20 € online; 2,6 % + 0,02 € vor Ort. Revolut Terminals",2026-08-20,,any,any,non_eea,amex,,true,any,R5,patch_fino_r7.csv,,EUR,,,none,,,published,SEEDABLE,Canal: Tap to Pay on iPhone; el Terminal físico no está disponible.  Tap to Pay: fijo total €0.10 = €0.02 base,,R7,primary_verified,,,,,,,
DE,Revolut Business,Basic,in_store,,260,10,1000,,,,,https://www.revolut.com/de-DE/business/accept-payments-pricing/,"American Express inländische gewerbliche Karten: 2,8 % + 0,20 € online; 2,6 % + 0,02 € vor Ort. Revolut Termin",2026-08-20,,any,any,domestic,commercial,,true,any,R5,patch_fino_r7.csv,,EUR,,,none,,,published,SEEDABLE,Canal: Tap to Pay on iPhone; el Terminal físico no está disponible.  Tap to Pay: fijo total €0.10 = €0.02 base,,R7,primary_verified,,,,,,,
DE,Revolut Business,Basic,in_store,,170,10,1000,,,,,https://www.revolut.com/de-DE/business/accept-payments-pricing/,"American Express inländische Kundenkarten: 1,7 % + 0,20 € online; 1,7 % + 0,02 € vor Ort. Revolut Terminals we",2026-08-20,,any,any,domestic,consumer_a,,true,any,R5,patch_fino_r7.csv,,EUR,,,none,,,published,SEEDABLE,Canal: Tap to Pay on iPhone; el Terminal físico no está disponible.  Tap to Pay: fijo total €0.10 = €0.02 base,,R7,primary_verified,,,,,,,
DE,Revolut Business,Basic,in_store,,80,10,1000,,,,,https://www.revolut.com/de-DE/business/accept-payments-pricing/,"Inländische und europäische Kundenkarten: 1 % + 0,20 € online; 0,8 % + 0,02 € vor Ort. Revolut Terminals werde",2026-08-20,,any,any,any,consumer_v,,true,any,R5,patch_fino_r7.csv,,EUR,,,none,,,published,SEEDABLE,Canal: Tap to Pay on iPhone; el Terminal físico no está disponible.  Tap to Pay: fijo total €0.10 = €0.02 base,,R7,primary_verified,,,,,,,
DE,Revolut Business,Basic,in_store,,260,10,1000,,,,,https://www.revolut.com/de-DE/business/accept-payments-pricing/,"Alle internationalen Karten: 2,8 % + 0,20 € online; 2,6 % + 0,02 € vor Ort. Revolut Terminals werden derzeit n",2026-08-20,,any,any,non_eea,visa_maste,,true,any,R5,patch_fino_r7.csv,,EUR,,,none,,,published,SEEDABLE,Canal: Tap to Pay on iPhone; el Terminal físico no está disponible.  Tap to Pay: fijo total €0.10 = €0.02 base,,R7,primary_verified,,,,,,,
DE,Revolut Business,Grow,in_store,,260,10,3500,,,,,https://www.revolut.com/de-DE/business/accept-payments-pricing/,"American Express alle internationalen Karten: 2,8 % + 0,20 € online; 2,6 % + 0,02 € vor Ort. Revolut Terminals",2026-08-20,,any,any,non_eea,amex,,true,any,R5,patch_fino_r7.csv,,EUR,,,none,,,published,SEEDABLE,Canal: Tap to Pay on iPhone; el Terminal físico no está disponible.  Tap to Pay: fijo total €0.10 = €0.02 base,,R7,primary_verified,,,,,,,
DE,Revolut Business,Grow,in_store,,260,10,3500,,,,,https://www.revolut.com/de-DE/business/accept-payments-pricing/,"American Express inländische gewerbliche Karten: 2,8 % + 0,20 € online; 2,6 % + 0,02 € vor Ort. Revolut Termin",2026-08-20,,any,any,domestic,commercial,,true,any,R5,patch_fino_r7.csv,,EUR,,,none,,,published,SEEDABLE,Canal: Tap to Pay on iPhone; el Terminal físico no está disponible.  Tap to Pay: fijo total €0.10 = €0.02 base,,R7,primary_verified,,,,,,,
DE,Revolut Business,Grow,in_store,,170,10,3500,,,,,https://www.revolut.com/de-DE/business/accept-payments-pricing/,"American Express inländische Kundenkarten: 1,7 % + 0,20 € online; 1,7 % + 0,02 € vor Ort. Revolut Terminals we",2026-08-20,,any,any,domestic,consumer_a,,true,any,R5,patch_fino_r7.csv,,EUR,,,none,,,published,SEEDABLE,Canal: Tap to Pay on iPhone; el Terminal físico no está disponible.  Tap to Pay: fijo total €0.10 = €0.02 base,,R7,primary_verified,,,,,,,
DE,Revolut Business,Grow,in_store,,80,10,3500,,,,,https://www.revolut.com/de-DE/business/accept-payments-pricing/,"Inländische und europäische Kundenkarten: 1 % + 0,20 € online; 0,8 % + 0,02 € vor Ort. Revolut Terminals werde",2026-08-20,,any,any,any,consumer_v,,true,any,R5,patch_fino_r7.csv,,EUR,,,none,,,published,SEEDABLE,Canal: Tap to Pay on iPhone; el Terminal físico no está disponible.  Tap to Pay: fijo total €0.10 = €0.02 base,,R7,primary_verified,,,,,,,
DE,Revolut Business,Grow,in_store,,260,10,3500,,,,,https://www.revolut.com/de-DE/business/accept-payments-pricing/,"Alle internationalen Karten: 2,8 % + 0,20 € online; 2,6 % + 0,02 € vor Ort. Revolut Terminals werden derzeit n",2026-08-20,,any,any,non_eea,visa_maste,,true,any,R5,patch_fino_r7.csv,,EUR,,,none,,,published,SEEDABLE,Canal: Tap to Pay on iPhone; el Terminal físico no está disponible.  Tap to Pay: fijo total €0.10 = €0.02 base,,R7,primary_verified,,,,,,,
DE,Revolut Business,Scale,in_store,,260,10,12500,,,,,https://www.revolut.com/de-DE/business/accept-payments-pricing/,"American Express alle internationalen Karten: 2,8 % + 0,20 € online; 2,6 % + 0,02 € vor Ort. Revolut Terminals",2026-08-20,,any,any,non_eea,amex,,true,any,R5,patch_fino_r7.csv,,EUR,,,none,,,published,SEEDABLE,Canal: Tap to Pay on iPhone; el Terminal físico no está disponible.  Tap to Pay: fijo total €0.10 = €0.02 base,,R7,primary_verified,,,,,,,
DE,Revolut Business,Scale,in_store,,260,10,12500,,,,,https://www.revolut.com/de-DE/business/accept-payments-pricing/,"American Express inländische gewerbliche Karten: 2,8 % + 0,20 € online; 2,6 % + 0,02 € vor Ort. Revolut Termin",2026-08-20,,any,any,domestic,commercial,,true,any,R5,patch_fino_r7.csv,,EUR,,,none,,,published,SEEDABLE,Canal: Tap to Pay on iPhone; el Terminal físico no está disponible.  Tap to Pay: fijo total €0.10 = €0.02 base,,R7,primary_verified,,,,,,,
DE,Revolut Business,Scale,in_store,,170,10,12500,,,,,https://www.revolut.com/de-DE/business/accept-payments-pricing/,"American Express inländische Kundenkarten: 1,7 % + 0,20 € online; 1,7 % + 0,02 € vor Ort. Revolut Terminals we",2026-08-20,,any,any,domestic,consumer_a,,true,any,R5,patch_fino_r7.csv,,EUR,,,none,,,published,SEEDABLE,Canal: Tap to Pay on iPhone; el Terminal físico no está disponible.  Tap to Pay: fijo total €0.10 = €0.02 base,,R7,primary_verified,,,,,,,
DE,Revolut Business,Scale,in_store,,80,10,12500,,,,,https://www.revolut.com/de-DE/business/accept-payments-pricing/,"Inländische und europäische Kundenkarten: 1 % + 0,20 € online; 0,8 % + 0,02 € vor Ort. Revolut Terminals werde",2026-08-20,,any,any,any,consumer_v,,true,any,R5,patch_fino_r7.csv,,EUR,,,none,,,published,SEEDABLE,Canal: Tap to Pay on iPhone; el Terminal físico no está disponible.  Tap to Pay: fijo total €0.10 = €0.02 base,,R7,primary_verified,,,,,,,
DE,Revolut Business,Scale,in_store,,260,10,12500,,,,,https://www.revolut.com/de-DE/business/accept-payments-pricing/,"Alle internationalen Karten: 2,8 % + 0,20 € online; 2,6 % + 0,02 € vor Ort. Revolut Terminals werden derzeit n",2026-08-20,,any,any,non_eea,visa_maste,,true,any,R5,patch_fino_r7.csv,,EUR,,,none,,,published,SEEDABLE,Canal: Tap to Pay on iPhone; el Terminal físico no está disponible.  Tap to Pay: fijo total €0.10 = €0.02 base,,R7,primary_verified,,,,,,,
DE,Revolut Business,Basic,online,,280,20,1000,,,,,https://www.revolut.com/de-DE/business/accept-payments-pricing/,"American Express alle internationalen Karten: 2,8 % + 0,20 € online; 2,6 % + 0,02 € vor Ort.",2026-08-20,,any,any,non_eea,amex,,true,gateway|plugins|subscriptions|payment_links|invoices,R5,patch_fino_r7.csv,,EUR,,,none,,,published,SEEDABLE,"La cuota es la del plan Business, no una cuota adicional de acquiring. Fuente de plan localizada: https://www.",,R7,primary_verified,,,,,,,
DE,Revolut Business,Basic,online,,280,20,1000,,,,,https://www.revolut.com/de-DE/business/accept-payments-pricing/,"American Express inländische gewerbliche Karten: 2,8 % + 0,20 € online; 2,6 % + 0,02 € vor Ort.",2026-08-20,,any,any,domestic,commercial,,true,gateway|plugins|subscriptions|payment_links|invoices,R5,patch_fino_r7.csv,,EUR,,,none,,,published,SEEDABLE,"La cuota es la del plan Business, no una cuota adicional de acquiring. Fuente de plan localizada: https://www.",,R7,primary_verified,,,,,,,
DE,Revolut Business,Basic,online,,170,20,1000,,,,,https://www.revolut.com/de-DE/business/accept-payments-pricing/,"American Express inländische Kundenkarten: 1,7 % + 0,20 € online; 1,7 % + 0,02 € vor Ort.",2026-08-20,,any,any,domestic,consumer_a,,true,gateway|plugins|subscriptions|payment_links|invoices,R5,patch_fino_r7.csv,,EUR,,,none,,,published,SEEDABLE,"La cuota es la del plan Business, no una cuota adicional de acquiring. Fuente de plan localizada: https://www.",,R7,primary_verified,,,,,,,
DE,Revolut Business,Basic,online,,100,20,1000,,,,,https://www.revolut.com/de-DE/business/accept-payments-pricing/,"Inländische und europäische Kundenkarten: 1 % + 0,20 € online; 0,8 % + 0,02 € vor Ort.",2026-08-20,,any,any,any,consumer_v,,true,gateway|plugins|subscriptions|payment_links|invoices,R5,patch_fino_r7.csv,,EUR,,,none,,,published,SEEDABLE,"La cuota es la del plan Business, no una cuota adicional de acquiring. Fuente de plan localizada: https://www.",,R7,primary_verified,,,,,,,
DE,Revolut Business,Basic,online,,280,20,1000,,,,,https://www.revolut.com/de-DE/business/accept-payments-pricing/,"Alle internationalen Karten: 2,8 % + 0,20 € online; 2,6 % + 0,02 € vor Ort.",2026-08-20,,any,any,non_eea,visa_maste,,true,gateway|plugins|subscriptions|payment_links|invoices,R5,patch_fino_r7.csv,,EUR,,,none,,,published,SEEDABLE,"La cuota es la del plan Business, no una cuota adicional de acquiring. Fuente de plan localizada: https://www.",,R7,primary_verified,,,,,,,
DE,Revolut Business,Grow,online,,280,20,3500,,,,,https://www.revolut.com/de-DE/business/accept-payments-pricing/,"American Express alle internationalen Karten: 2,8 % + 0,20 € online; 2,6 % + 0,02 € vor Ort.",2026-08-20,,any,any,non_eea,amex,,true,gateway|plugins|subscriptions|payment_links|invoices,R5,patch_fino_r7.csv,,EUR,,,none,,,published,SEEDABLE,"La cuota es la del plan Business, no una cuota adicional de acquiring. Fuente de plan localizada: https://www.",,R7,primary_verified,,,,,,,
DE,Revolut Business,Grow,online,,280,20,3500,,,,,https://www.revolut.com/de-DE/business/accept-payments-pricing/,"American Express inländische gewerbliche Karten: 2,8 % + 0,20 € online; 2,6 % + 0,02 € vor Ort.",2026-08-20,,any,any,domestic,commercial,,true,gateway|plugins|subscriptions|payment_links|invoices,R5,patch_fino_r7.csv,,EUR,,,none,,,published,SEEDABLE,"La cuota es la del plan Business, no una cuota adicional de acquiring. Fuente de plan localizada: https://www.",,R7,primary_verified,,,,,,,
DE,Revolut Business,Grow,online,,170,20,3500,,,,,https://www.revolut.com/de-DE/business/accept-payments-pricing/,"American Express inländische Kundenkarten: 1,7 % + 0,20 € online; 1,7 % + 0,02 € vor Ort.",2026-08-20,,any,any,domestic,consumer_a,,true,gateway|plugins|subscriptions|payment_links|invoices,R5,patch_fino_r7.csv,,EUR,,,none,,,published,SEEDABLE,"La cuota es la del plan Business, no una cuota adicional de acquiring. Fuente de plan localizada: https://www.",,R7,primary_verified,,,,,,,
DE,Revolut Business,Grow,online,,100,20,3500,,,,,https://www.revolut.com/de-DE/business/accept-payments-pricing/,"Inländische und europäische Kundenkarten: 1 % + 0,20 € online; 0,8 % + 0,02 € vor Ort.",2026-08-20,,any,any,any,consumer_v,,true,gateway|plugins|subscriptions|payment_links|invoices,R5,patch_fino_r7.csv,,EUR,,,none,,,published,SEEDABLE,"La cuota es la del plan Business, no una cuota adicional de acquiring. Fuente de plan localizada: https://www.",,R7,primary_verified,,,,,,,
DE,Revolut Business,Grow,online,,280,20,3500,,,,,https://www.revolut.com/de-DE/business/accept-payments-pricing/,"Alle internationalen Karten: 2,8 % + 0,20 € online; 2,6 % + 0,02 € vor Ort.",2026-08-20,,any,any,non_eea,visa_maste,,true,gateway|plugins|subscriptions|payment_links|invoices,R5,patch_fino_r7.csv,,EUR,,,none,,,published,SEEDABLE,"La cuota es la del plan Business, no una cuota adicional de acquiring. Fuente de plan localizada: https://www.",,R7,primary_verified,,,,,,,
DE,Revolut Business,Scale,online,,280,20,12500,,,,,https://www.revolut.com/de-DE/business/accept-payments-pricing/,"American Express alle internationalen Karten: 2,8 % + 0,20 € online; 2,6 % + 0,02 € vor Ort.",2026-08-20,,any,any,non_eea,amex,,true,gateway|plugins|subscriptions|payment_links|invoices,R5,patch_fino_r7.csv,,EUR,,,none,,,published,SEEDABLE,"La cuota es la del plan Business, no una cuota adicional de acquiring. Fuente de plan localizada: https://www.",,R7,primary_verified,,,,,,,
DE,Revolut Business,Scale,online,,280,20,12500,,,,,https://www.revolut.com/de-DE/business/accept-payments-pricing/,"American Express inländische gewerbliche Karten: 2,8 % + 0,20 € online; 2,6 % + 0,02 € vor Ort.",2026-08-20,,any,any,domestic,commercial,,true,gateway|plugins|subscriptions|payment_links|invoices,R5,patch_fino_r7.csv,,EUR,,,none,,,published,SEEDABLE,"La cuota es la del plan Business, no una cuota adicional de acquiring. Fuente de plan localizada: https://www.",,R7,primary_verified,,,,,,,
DE,Revolut Business,Scale,online,,170,20,12500,,,,,https://www.revolut.com/de-DE/business/accept-payments-pricing/,"American Express inländische Kundenkarten: 1,7 % + 0,20 € online; 1,7 % + 0,02 € vor Ort.",2026-08-20,,any,any,domestic,consumer_a,,true,gateway|plugins|subscriptions|payment_links|invoices,R5,patch_fino_r7.csv,,EUR,,,none,,,published,SEEDABLE,"La cuota es la del plan Business, no una cuota adicional de acquiring. Fuente de plan localizada: https://www.",,R7,primary_verified,,,,,,,
DE,Revolut Business,Scale,online,,100,20,12500,,,,,https://www.revolut.com/de-DE/business/accept-payments-pricing/,"Inländische und europäische Kundenkarten: 1 % + 0,20 € online; 0,8 % + 0,02 € vor Ort.",2026-08-20,,any,any,any,consumer_v,,true,gateway|plugins|subscriptions|payment_links|invoices,R5,patch_fino_r7.csv,,EUR,,,none,,,published,SEEDABLE,"La cuota es la del plan Business, no una cuota adicional de acquiring. Fuente de plan localizada: https://www.",,R7,primary_verified,,,,,,,
DE,Revolut Business,Scale,online,,280,20,12500,,,,,https://www.revolut.com/de-DE/business/accept-payments-pricing/,"Alle internationalen Karten: 2,8 % + 0,20 € online; 2,6 % + 0,02 € vor Ort.",2026-08-20,,any,any,non_eea,visa_maste,,true,gateway|plugins|subscriptions|payment_links|invoices,R5,patch_fino_r7.csv,,EUR,,,none,,,published,SEEDABLE,"La cuota es la del plan Business, no una cuota adicional de acquiring. Fuente de plan localizada: https://www.",,R7,primary_verified,,,,,,,
DE,Viva.com,Default consumer pack (blended),in_store,,169,0,,,,,,https://www.viva.com/de-de/pricing,"Visa | 1,69% | –; Mindestgebühr 0,03€ pro Transaktion. Online Visa | 2,19% | 0,10€.",2026-08-20,,any,any,any,standard,,true,any,R5,patch_fino_r7.csv,,EUR,,,,,,published,SEEDABLE,"Published consumer pack total is 1,69%. The rendered HTML price cell spans Interchange + Scheme + Viva.com acq",,R7,primary_verified,,,,,,,
DE,Viva.com,Default IC++ other cards,in_store,,115,0,,,,,,https://www.viva.com/de-de/pricing,"Visa | ✓ | ✓ | 1,15% | –; Mindestgebühr 0,03€ pro Transaktion.",2026-08-20,,any,any,any,commercial,,false,any,R5,patch_fino_r7.csv,,EUR,,,,,,published,SEEDABLE,rate_bps is Viva.com acquiring margin only; interchange and scheme are added separately. Non-EEA +0.40% is pub,,R7,primary_verified,,,,,,,
DE,Viva.com,Local consumer debit blended pack,in_store,,85,0,,,,,,https://www.viva.com/de-de/pricing,"Local Consumer Debit Mastercard / Maestro / Visa / Vpay | 0,85% | –; Mindestgebühr 0,03€ pro Transaktion.",2026-08-20,,any,any,domestic,standard,,true,any,R5,patch_fino_r7.csv,,EUR,,,,,,published,SEEDABLE,"Published total 0,85%; component split is not published. rate_bps stores the total and rate_is_blended=true.",,R7,primary_verified,,,,,,,
DE,Viva.com,Default consumer pack (blended),moto,,219,10,,,,,,https://www.viva.com/de-de/pricing,"Visa | 1,69% | –; Mindestgebühr 0,03€ pro Transaktion. Online Visa | 2,19% | 0,10€. Visa | ✓ | ✓ | 2,00% | 0,1",2026-08-20,,any,any,any,standard,,true,virtual_terminal_moto,R5,patch_fino_r7.csv,,EUR,,,,,,published,SEEDABLE,"Published consumer pack total is 2,19% + 0,10€. The rendered HTML price cell spans Interchange + Scheme + Viva",,R7,primary_verified,,,,,,,
DE,Viva.com,Default IC++ other cards,moto,,200,10,,,,,,https://www.viva.com/de-de/pricing,"Visa | ✓ | ✓ | 2,00% | 0,10€; virtueller Terminal und MOTO.",2026-08-20,,any,any,any,commercial,,false,virtual_terminal_moto,R5,patch_fino_r7.csv,,EUR,,,,,,published,SEEDABLE,rate_bps is Viva.com acquiring margin only; interchange and scheme are added separately. Fixed processing fee ,,R7,primary_verified,,,,,,,
DE,Viva.com,Default consumer pack (blended),online,,219,10,,,,,,https://www.viva.com/de-de/pricing,"Visa | 1,69% | –; Mindestgebühr 0,03€ pro Transaktion. Online Visa | 2,19% | 0,10€.",2026-08-20,,any,any,any,standard,,true,smart_checkout,R5,patch_fino_r7.csv,,EUR,,,,,,published,SEEDABLE,"Published consumer pack total is 2,19% + 0,10€. The rendered HTML price cell spans Interchange + Scheme + Viva",,R7,primary_verified,,,,,,,
DE,Viva.com,Default IC++ other cards,online,,200,10,,,,,,https://www.viva.com/de-de/pricing,"Visa | ✓ | ✓ | 2,00% | 0,10€.",2026-08-20,,any,any,any,commercial,,false,smart_checkout,R5,patch_fino_r7.csv,,EUR,,,,,,published,SEEDABLE,rate_bps is Viva.com acquiring margin only; interchange and scheme are added separately. Fixed processing fee ,,R7,primary_verified,,,,,,,
AT,SumUp,payg,in_store,,139,,,,,,,,,2026-08-19,,any,any,any,any,,true,any,R3,seed_rates_v5.csv,,EUR,,,,,,published,SEEDABLE,URL_PENDIENTE_REVERIFICACION,0.8333,R1+R2+R3,primary_verified,,,,,,,
AT,SumUp,plus,in_store,,79,,1900,,,,380000,,,2026-08-19,,any,any,eea,standard,,false,any,R3,seed_rates_v5.csv,,EUR,,,,,,published,SEEDABLE,URL_PENDIENTE_REVERIFICACION,0.8333,R1+R2+R3,primary_verified,,,,,,,
AT,SumUp,plus,in_store,,139,,1900,,,,,,,2026-08-19,,any,any,non_eea,premium,,false,any,R3,seed_rates_v5.csv,,EUR,,,,,,published,SEEDABLE,URL_PENDIENTE_REVERIFICACION,0.8333,R1+R2+R3,primary_verified,,,,,,,
AT,SumUp,any,online,,250,,,,,,,,,2026-08-19,,any,any,any,any,,true,any,R3,seed_rates_v5.csv,,EUR,,,,,,published,SEEDABLE,URL_PENDIENTE_REVERIFICACION,0.8333,R1+R2+R3,primary_verified,,,,,,,
BE,SumUp,payg,in_store,,169,,,,,,,,,2026-08-19,,any,any,any,any,,true,any,R3,seed_rates_v5.csv,,EUR,,,,,,published,SEEDABLE,URL_PENDIENTE_REVERIFICACION,0.9360,R1+R2+R3,primary_verified,,,,,,,
BE,SumUp,plus,in_store,,99,,1900,,,,290000,,,2026-08-19,,any,any,eea,standard,,false,any,R3,seed_rates_v5.csv,,EUR,,,,,,published,SEEDABLE,URL_PENDIENTE_REVERIFICACION,0.9360,R1+R2+R3,primary_verified,,,,,,,
BE,SumUp,plus,in_store,,169,,1900,,,,,,,2026-08-19,,any,any,non_eea,premium,,false,any,R3,seed_rates_v5.csv,,EUR,,,,,,published,SEEDABLE,URL_PENDIENTE_REVERIFICACION,0.9360,R1+R2+R3,primary_verified,,,,,,,
BE,SumUp,any,online,,250,,,,,,,,,2026-08-19,,any,any,any,any,,true,any,R3,seed_rates_v5.csv,,EUR,,,,,,published,SEEDABLE,URL_PENDIENTE_REVERIFICACION,0.9360,R1+R2+R3,primary_verified,,,,,,,
BG,SumUp,payg,in_store,,149,,,,,,,,,2026-08-19,,any,any,any,any,,true,any,R3,seed_rates_v5.csv,,EUR,,,,,,published,SEEDABLE,URL_PENDIENTE_REVERIFICACION,0.8636,R1+R2+R3,primary_verified,,,,,,,
BG,SumUp,plus,in_store,,99,,1900,,,,440000,,,2026-08-19,,any,any,eea,standard,,false,any,R3,seed_rates_v5.csv,,EUR,,,,,,published,SEEDABLE,URL_PENDIENTE_REVERIFICACION,0.8636,R1+R2+R3,primary_verified,,,,,,,
BG,SumUp,plus,in_store,,149,,1900,,,,,,,2026-08-19,,any,any,non_eea,premium,,false,any,R3,seed_rates_v5.csv,,EUR,,,,,,published,SEEDABLE,URL_PENDIENTE_REVERIFICACION,0.8636,R1+R2+R3,primary_verified,,,,,,,
BG,SumUp,any,online,,250,,,,,,,,,2026-08-19,,any,any,any,any,,true,any,R3,seed_rates_v5.csv,,EUR,,,,,,published,SEEDABLE,URL_PENDIENTE_REVERIFICACION,0.8636,R1+R2+R3,primary_verified,,,,,,,
CY,SumUp,payg,in_store,,195,,,,,,,,,2026-08-19,,any,any,any,any,,true,any,R3,seed_rates_v5.csv,,EUR,,,,,,published,SEEDABLE,URL_PENDIENTE_REVERIFICACION,0.5601,R1+R2+R3,primary_verified,,,,,,,
CY,SumUp,plus,in_store,,89,,1900,,,,320000,sumup.com/el-cy/solo-lite-termatiko-pos/,"0,89%... 19 € τον μήνα... άνω των 3.200 €",2026-08-19,,any,any,eea,standard,,false,any,R3,seed_rates_v5.csv,,EUR,,,,,,published,SEEDABLE,Pagina el-cy confirma Plus+umbral 2026-08-22,0.5601,R1+R2+R3,primary_verified,,,,,,,
CY,SumUp,plus,in_store,,195,,1900,,,,,,,2026-08-19,,any,any,non_eea,premium,,false,any,R3,seed_rates_v5.csv,,EUR,,,,,,published,SEEDABLE,URL_PENDIENTE_REVERIFICACION,0.5601,R1+R2+R3,primary_verified,,,,,,,
CY,SumUp,any,online,,275,,,,,,,,,2026-08-19,,any,any,any,any,,true,any,R3,seed_rates_v5.csv,,EUR,,,,,,published,SEEDABLE,URL_PENDIENTE_REVERIFICACION,0.5601,R1+R2+R3,primary_verified,,,,,,,
CZ,SumUp,payg,in_store,,195,,,,,,,sumup.com/cs-cz/platebni-terminal-solo-lite/,"519 Kc mesicne... 0,95 %",2026-08-19,,any,any,any,any,,true,any,R3,seed_rates_v5.csv,,CZK,,,,,,published,SEEDABLE,Reverificado 2026-08-22: umbral 61.000 Kc coincide,0.8508,R1+R2+R3,primary_verified,,,,,,,
CZ,SumUp,plus,in_store,,95,,51900,,,,6100000,sumup.com/cs-cz/platebni-terminal-solo-lite/,"519 Kc mesicne... 0,95 %",2026-08-19,,any,any,eea,standard,,false,any,R3,seed_rates_v5.csv,,CZK,,,,,,published,SEEDABLE,Reverificado 2026-08-22: umbral 61.000 Kc coincide,0.8508,R1+R2+R3,primary_verified,,,,,,,
CZ,SumUp,plus,in_store,,195,,51900,,,,,sumup.com/cs-cz/platebni-terminal-solo-lite/,"kartami mimo EU nebo firemnimi... 1,95 %",2026-08-19,,any,any,non_eea,premium,,false,any,R3,seed_rates_v5.csv,,CZK,,,,,,published,SEEDABLE,Reverificado 2026-08-22: umbral 61.000 Kc coincide,0.8508,R1+R2+R3,primary_verified,,,,,,,
CZ,SumUp,any,online,,250,,,,,,,sumup.com/cs-cz/platebni-terminal-solo-lite/,"online 2,50 %",2026-08-19,,any,any,any,any,,true,any,R3,seed_rates_v5.csv,,CZK,,,,,,published,SEEDABLE,Reverificado 2026-08-22: umbral 61.000 Kc coincide,0.8508,R1+R2+R3,primary_verified,,,,,,,
EE,SumUp,payg,in_store,,169,,,,,,,,,2026-08-19,,any,any,any,any,,true,any,R3,seed_rates_v5.csv,,EUR,,,,,,published,SEEDABLE,URL_PENDIENTE_REVERIFICACION,0.8482,R1+R2+R3,primary_verified,,,,,,,
EE,SumUp,plus,in_store,,89,,1900,,,,280000,,,2026-08-19,,any,any,eea,standard,,false,any,R3,seed_rates_v5.csv,,EUR,,,,,,published,SEEDABLE,URL_PENDIENTE_REVERIFICACION,0.8482,R1+R2+R3,primary_verified,,,,,,,
EE,SumUp,plus,in_store,,169,,1900,,,,,,,2026-08-19,,any,any,non_eea,premium,,false,any,R3,seed_rates_v5.csv,,EUR,,,,,,published,SEEDABLE,URL_PENDIENTE_REVERIFICACION,0.8482,R1+R2+R3,primary_verified,,,,,,,
EE,SumUp,any,online,,169,,,,,,,,,2026-08-19,,any,any,any,any,,true,any,R3,seed_rates_v5.csv,,EUR,,,,,,published,SEEDABLE,URL_PENDIENTE_REVERIFICACION,0.8482,R1+R2+R3,primary_verified,,,,,,,
FI,SumUp,payg,in_store,,149,,,,,,,sumup.com/fi-fi/maksut-plus/,,2026-08-19,,any,any,any,any,,true,any,R3,seed_rates_v5.csv,,EUR,,,,,,published,SEEDABLE,,0.9360,R1+R2+R3,primary_verified,,,,,,,
FI,SumUp,plus,in_store,,79,,1900,,,,290000,sumup.com/fi-fi/maksut-plus/,,2026-08-19,,any,any,eea,standard,,false,any,R3,seed_rates_v5.csv,,EUR,,,,,,published,SEEDABLE,,0.9360,R1+R2+R3,primary_verified,,,,,,,
FI,SumUp,any,online,,149,,,,,,,sumup.com/fi-fi/maksut-plus/,,2026-08-19,,any,any,any,any,,true,any,R3,seed_rates_v5.csv,,EUR,,,,,,published,SEEDABLE,,0.9360,R1+R2+R3,primary_verified,,,,,,,
GR,SumUp,payg,in_store,,195,,,,,,,sumup.com/el-gr/payments-plus/,"0,89% (αντί για 1,95%)",2026-08-19,,any,any,any,any,,true,any,R3,seed_rates_v5.csv,,EUR,,,,,,published,SEEDABLE,Reverificado 2026-08-22: umbral 3.300 EUR coincide,0.5432,R1+R2+R3,primary_verified,,,,,,,
GR,SumUp,plus,in_store,,89,,1900,,,,330000,sumup.com/el-gr/payments-plus/,"Πληρώστε μόνο 0,89%... 19 € τον μήνα",2026-08-19,,any,any,eea,standard,,false,any,R3,seed_rates_v5.csv,,EUR,,,,,,published,SEEDABLE,Reverificado 2026-08-22: umbral 3.300 EUR coincide,0.5432,R1+R2+R3,primary_verified,,,,,,,
GR,SumUp,plus,in_store,,195,,1900,,,,,sumup.com/el-gr/payments-plus/,"κάρτες εκτός ΕΕ, εταιρικές ή premium... 1,95%",2026-08-19,,any,any,non_eea,premium,,false,any,R3,seed_rates_v5.csv,,EUR,,,,,,published,SEEDABLE,Reverificado 2026-08-22: umbral 3.300 EUR coincide,0.5432,R1+R2+R3,primary_verified,,,,,,,
GR,SumUp,any,online,,275,,,,,,,sumup.com/el-gr/payments-plus/,"ηλεκτρονικές πληρωμές ισχύει τέλος 2,75%",2026-08-19,,any,any,any,any,,true,any,R3,seed_rates_v5.csv,,EUR,,,,,,published,SEEDABLE,Reverificado 2026-08-22: umbral 3.300 EUR coincide,0.5432,R1+R2+R3,primary_verified,,,,,,,
HR,SumUp,payg,in_store,,195,,,,,,,,,2026-08-19,,any,any,any,any,,true,any,R3,seed_rates_v5.csv,,EUR,,,,,,published,SEEDABLE,"URL_CANDIDATA: help.sumup.com/hr-HR/.../cijene-naknade (render JS, cita no extraible — requiere visita con render)",0.4427,R1+R2+R3,primary_verified,,,,,,,
HR,SumUp,plus,in_store,,79,,1900,,,,370000,,,2026-08-19,,any,any,eea,standard,,false,any,R3,seed_rates_v5.csv,,EUR,,,,,,published,SEEDABLE,"URL_CANDIDATA: help.sumup.com/hr-HR/.../cijene-naknade (render JS, cita no extraible — requiere visita con render)",0.4427,R1+R2+R3,primary_verified,,,,,,,
HR,SumUp,plus,in_store,,195,,1900,,,,,,,2026-08-19,,any,any,non_eea,premium,,false,any,R3,seed_rates_v5.csv,,EUR,,,,,,published,SEEDABLE,"URL_CANDIDATA: help.sumup.com/hr-HR/.../cijene-naknade (render JS, cita no extraible — requiere visita con render)",0.4427,R1+R2+R3,primary_verified,,,,,,,
HR,SumUp,any,online,,250,,,,,,,,,2026-08-19,,any,any,any,any,,true,any,R3,seed_rates_v5.csv,,EUR,,,,,,published,SEEDABLE,"URL_CANDIDATA: help.sumup.com/hr-HR/.../cijene-naknade (render JS, cita no extraible — requiere visita con render)",0.4427,R1+R2+R3,primary_verified,,,,,,,
HU,SumUp,payg,in_store,,195,,,,,,,,,2026-08-19,,any,any,any,any,,true,any,R3,seed_rates_v5.csv,,HUF,,,,,,published,SEEDABLE,URL_PENDIENTE_REVERIFICACION,0.8645,R1+R2+R3,primary_verified,,,,,,,
HU,SumUp,plus,in_store,,95,,829900,,,,96000000,,,2026-08-19,,any,any,eea,standard,,false,any,R3,seed_rates_v5.csv,,HUF,,,,,,published,SEEDABLE,URL_PENDIENTE_REVERIFICACION,0.8645,R1+R2+R3,primary_verified,,,,,,,
HU,SumUp,plus,in_store,,195,,829900,,,,,,,2026-08-19,,any,any,non_eea,premium,,false,any,R3,seed_rates_v5.csv,,HUF,,,,,,published,SEEDABLE,URL_PENDIENTE_REVERIFICACION,0.8645,R1+R2+R3,primary_verified,,,,,,,
HU,SumUp,any,online,,250,,,,,,,,,2026-08-19,,any,any,any,any,,true,any,R3,seed_rates_v5.csv,,HUF,,,,,,published,SEEDABLE,URL_PENDIENTE_REVERIFICACION,0.8645,R1+R2+R3,primary_verified,,,,,,,
IE,SumUp,payg,in_store,,169,,,,,,,sumup.com/en-ie/payments-plus/,,2026-08-19,,any,any,any,any,,true,any,R3,seed_rates_v5.csv,,EUR,,,,,,published,SEEDABLE,,0.7781,R1+R2+R3,primary_verified,,,,,,,
IE,SumUp,plus,in_store,,95,,1900,,,,330000,sumup.com/en-ie/payments-plus/,,2026-08-19,,any,any,eea,standard,,false,any,R3,seed_rates_v5.csv,,EUR,,,,,,published,SEEDABLE,,0.7781,R1+R2+R3,primary_verified,,,,,,,
IE,SumUp,plus,in_store,,169,,1900,,,,,sumup.com/en-ie/payments-plus/,,2026-08-19,,any,any,non_eea,premium,,false,any,R3,seed_rates_v5.csv,,EUR,,,,,,published,SEEDABLE,,0.7781,R1+R2+R3,primary_verified,,,,,,,
IE,SumUp,any,online,,169,,,,,,,sumup.com/en-ie/payments-plus/,,2026-08-19,,any,any,any,any,,true,any,R3,seed_rates_v5.csv,,EUR,,,,,,published,SEEDABLE,,0.7781,R1+R2+R3,primary_verified,,,,,,,
LT,SumUp,plus,in_store,,89,,1900,,,,310000,sumup.com/lt-lt/mokejimu-planas-plus/,,2026-08-19,,any,any,eea,standard,,false,any,R3,seed_rates_v5.csv,,EUR,,,,,,published,SEEDABLE,,,R1+R2+R3,primary_verified,,,,,,,
LU,SumUp,payg,in_store,,275,,,,,,,,,2026-08-19,,any,any,any,any,,true,any,R3,seed_rates_v5.csv,,EUR,,,,,,published,SEEDABLE,URL_PENDIENTE_REVERIFICACION,0.8828,R1+R2+R3,primary_verified,,,,,,,
LU,SumUp,plus,in_store,,129,,2900,,,,225000,,,2026-08-19,,any,any,eea,standard,,false,any,R3,seed_rates_v5.csv,,EUR,,,,,,published,SEEDABLE,URL_PENDIENTE_REVERIFICACION,0.8828,R1+R2+R3,primary_verified,,,,,,,
LU,SumUp,plus,in_store,,275,,2900,,,,,,,2026-08-19,,any,any,non_eea,premium,,false,any,R3,seed_rates_v5.csv,,EUR,,,,,,published,SEEDABLE,URL_PENDIENTE_REVERIFICACION,0.8828,R1+R2+R3,primary_verified,,,,,,,
LU,SumUp,any,online,,275,,,,,,,,,2026-08-19,,any,any,any,any,,true,any,R3,seed_rates_v5.csv,,EUR,,,,,,published,SEEDABLE,URL_PENDIENTE_REVERIFICACION,0.8828,R1+R2+R3,primary_verified,,,,,,,
LV,SumUp,payg,in_store,,169,,,,,,,,,2026-08-19,,any,any,any,any,,true,any,R3,seed_rates_v5.csv,,EUR,,,,,,published,SEEDABLE,URL_PENDIENTE_REVERIFICACION,0.8482,R1+R2+R3,primary_verified,,,,,,,
LV,SumUp,plus,in_store,,89,,1900,,,,280000,,,2026-08-19,,any,any,eea,standard,,false,any,R3,seed_rates_v5.csv,,EUR,,,,,,published,SEEDABLE,URL_PENDIENTE_REVERIFICACION,0.8482,R1+R2+R3,primary_verified,,,,,,,
LV,SumUp,plus,in_store,,169,,1900,,,,,,,2026-08-19,,any,any,non_eea,premium,,false,any,R3,seed_rates_v5.csv,,EUR,,,,,,published,SEEDABLE,URL_PENDIENTE_REVERIFICACION,0.8482,R1+R2+R3,primary_verified,,,,,,,
LV,SumUp,any,online,,169,,,,,,,,,2026-08-19,,any,any,any,any,,true,any,R3,seed_rates_v5.csv,,EUR,,,,,,published,SEEDABLE,URL_PENDIENTE_REVERIFICACION,0.8482,R1+R2+R3,primary_verified,,,,,,,
MT,SumUp,payg,in_store,,275,,,,,,,,,2026-08-19,,any,any,any,any,,true,any,R3,seed_rates_v5.csv,,EUR,,,,,,published,SEEDABLE,URL_PENDIENTE_REVERIFICACION,0.7640,R1+R2+R3,primary_verified,,,,,,,
MT,SumUp,plus,in_store,,129,,2900,,,,260000,,,2026-08-19,,any,any,eea,standard,,false,any,R3,seed_rates_v5.csv,,EUR,,,,,,published,SEEDABLE,URL_PENDIENTE_REVERIFICACION,0.7640,R1+R2+R3,primary_verified,,,,,,,
MT,SumUp,plus,in_store,,275,,2900,,,,,,,2026-08-19,,any,any,non_eea,premium,,false,any,R3,seed_rates_v5.csv,,EUR,,,,,,published,SEEDABLE,URL_PENDIENTE_REVERIFICACION,0.7640,R1+R2+R3,primary_verified,,,,,,,
MT,SumUp,any,online,,275,,,,,,,,,2026-08-19,,any,any,any,any,,true,any,R3,seed_rates_v5.csv,,EUR,,,,,,published,SEEDABLE,URL_PENDIENTE_REVERIFICACION,0.7640,R1+R2+R3,primary_verified,,,,,,,
NL,SumUp,payg,in_store,,149,,,,,,,,,2026-08-19,,any,any,any,any,,true,any,R3,seed_rates_v5.csv,,EUR,,,,,,published,SEEDABLE,URL_PENDIENTE_REVERIFICACION,0.8181,R1+R2+R3,primary_verified,,,,,,,
NL,SumUp,plus,in_store,,99,,1900,,,,464500,,,2026-08-19,,any,any,eea,standard,,false,any,R3,seed_rates_v5.csv,,EUR,,,,,,published,SEEDABLE,URL_PENDIENTE_REVERIFICACION,0.8181,R1+R2+R3,primary_verified,,,,,,,
NL,SumUp,plus,in_store,,149,,1900,,,,,,,2026-08-19,,any,any,non_eea,premium,,false,any,R3,seed_rates_v5.csv,,EUR,,,,,,published,SEEDABLE,URL_PENDIENTE_REVERIFICACION,0.8181,R1+R2+R3,primary_verified,,,,,,,
NL,SumUp,any,online,,250,,,,,,,,,2026-08-19,,any,any,any,any,,true,any,R3,seed_rates_v5.csv,,EUR,,,,,,published,SEEDABLE,URL_PENDIENTE_REVERIFICACION,0.8181,R1+R2+R3,primary_verified,,,,,,,
NO,SumUp,payg,in_store,,149,,,,,,,sumup.com/nb-no/betalinger-plus/,,2026-08-19,,any,any,any,any,,true,any,R3,seed_rates_v5.csv,,NOK,,,,,,published,SEEDABLE,,0.9175,R1+R2+R3,primary_verified,,,,,,,
NO,SumUp,plus,in_store,,79,,34900,,,,4539900,sumup.com/nb-no/betalinger-plus/,,2026-08-19,,any,any,eea,standard,,false,any,R3,seed_rates_v5.csv,,NOK,,,,,,published,SEEDABLE,,0.9175,R1+R2+R3,primary_verified,,,,,,,
NO,SumUp,plus,in_store,,149,,34900,,,,,sumup.com/nb-no/betalinger-plus/,,2026-08-19,,any,any,non_eea,premium,,false,any,R3,seed_rates_v5.csv,,NOK,,,,,,published,SEEDABLE,,0.9175,R1+R2+R3,primary_verified,,,,,,,
NO,SumUp,any,online,,149,,,,,,,sumup.com/nb-no/betalinger-plus/,,2026-08-19,,any,any,any,any,,true,any,R3,seed_rates_v5.csv,,NOK,,,,,,published,SEEDABLE,,0.9175,R1+R2+R3,primary_verified,,,,,,,
PL,SumUp,payg,in_store,,149,,,,,,,sumup.com/pl-pl/platnosci-plus/,"0,79% (zamiast 1,49%)",2026-08-19,,any,any,any,any,,true,any,R3,seed_rates_v5.csv,,PLN,,,,,,published,SEEDABLE,Reverificado 2026-08-22: umbral 16.400 zl coincide,0.7753,R1+R2+R3,primary_verified,,,,,,,
PL,SumUp,plus,in_store,,79,,8900,,,,1640000,sumup.com/pl-pl/platnosci-plus/,"89 zl za miesiac... 0,79%",2026-08-19,,any,any,eea,standard,,false,any,R3,seed_rates_v5.csv,,PLN,,,,,,published,SEEDABLE,Reverificado 2026-08-22: umbral 16.400 zl coincide,0.7753,R1+R2+R3,primary_verified,,,,,,,
PL,SumUp,plus,in_store,,149,,8900,,,,,sumup.com/pl-pl/platnosci-plus/,"1,49%... spoza UE, firmowych lub premium",2026-08-19,,any,any,non_eea,premium,,false,any,R3,seed_rates_v5.csv,,PLN,,,,,,published,SEEDABLE,Reverificado 2026-08-22: umbral 16.400 zl coincide,0.7753,R1+R2+R3,primary_verified,,,,,,,
PL,SumUp,any,online,,275,,,,,,,sumup.com/pl-pl/platnosci-plus/,"online 2,75%",2026-08-19,,any,any,any,any,,true,any,R3,seed_rates_v5.csv,,PLN,,,,,,published,SEEDABLE,Reverificado 2026-08-22: umbral 16.400 zl coincide,0.7753,R1+R2+R3,primary_verified,,,,,,,
RO,SumUp,payg,in_store,,195,,,,,,,,,2026-08-19,,any,any,any,any,,true,any,R3,seed_rates_v5.csv,,RON,,,,,,published,SEEDABLE,URL_PENDIENTE_REVERIFICACION,0.7520,R1+R2+R3,primary_verified,,,,,,,
RO,SumUp,plus,in_store,,95,,10900,,,,1449500,,,2026-08-19,,any,any,eea,standard,,false,any,R3,seed_rates_v5.csv,,RON,,,,,,published,SEEDABLE,URL_PENDIENTE_REVERIFICACION,0.7520,R1+R2+R3,primary_verified,,,,,,,
RO,SumUp,plus,in_store,,195,,10900,,,,,,,2026-08-19,,any,any,non_eea,premium,,false,any,R3,seed_rates_v5.csv,,RON,,,,,,published,SEEDABLE,URL_PENDIENTE_REVERIFICACION,0.7520,R1+R2+R3,primary_verified,,,,,,,
RO,SumUp,any,online,,275,,,,,,,,,2026-08-19,,any,any,any,any,,true,any,R3,seed_rates_v5.csv,,RON,,,,,,published,SEEDABLE,URL_PENDIENTE_REVERIFICACION,0.7520,R1+R2+R3,primary_verified,,,,,,,
SE,SumUp,payg,in_store,,149,,,,,,,sumup.com/sv-se/betalningar-plus/,,2026-08-19,,any,any,any,any,,true,any,R3,seed_rates_v5.csv,,SEK,,,,,,published,SEEDABLE,,1.0074,R1+R2+R3,primary_verified,,,,,,,
SE,SumUp,plus,in_store,,79,,34900,,,,4135000,sumup.com/sv-se/betalningar-plus/,,2026-08-19,,any,any,eea,standard,,false,any,R3,seed_rates_v5.csv,,SEK,,,,,,published,SEEDABLE,,1.0074,R1+R2+R3,primary_verified,,,,,,,
SE,SumUp,plus,in_store,,149,,34900,,,,,sumup.com/sv-se/betalningar-plus/,,2026-08-19,,any,any,non_eea,premium,,false,any,R3,seed_rates_v5.csv,,SEK,,,,,,published,SEEDABLE,,1.0074,R1+R2+R3,primary_verified,,,,,,,
SE,SumUp,any,online,,149,,,,,,,sumup.com/sv-se/betalningar-plus/,,2026-08-19,,any,any,any,any,,true,any,R3,seed_rates_v5.csv,,SEK,,,,,,published,SEEDABLE,,1.0074,R1+R2+R3,primary_verified,,,,,,,
SI,SumUp,payg,in_store,,195,,,,,,,sumup.com/sl-si/cene/,,2026-08-19,,any,any,any,any,,true,any,R3,seed_rates_v5.csv,,EUR,,,,,,published,SEEDABLE,,0.8605,R1+R2+R3,primary_verified,,,,,,,
SI,SumUp,plus,in_store,,99,,1900,,,,230000,sumup.com/sl-si/cene/,,2026-08-19,,any,any,eea,standard,,false,any,R3,seed_rates_v5.csv,,EUR,,,,,,published,SEEDABLE,,0.8605,R1+R2+R3,primary_verified,,,,,,,
SI,SumUp,any,online,,250,,,,,,,sumup.com/sl-si/cene/,,2026-08-19,,any,any,any,any,,true,any,R3,seed_rates_v5.csv,,EUR,,,,,,published,SEEDABLE,,0.8605,R1+R2+R3,primary_verified,,,,,,,
SK,SumUp,payg,in_store,,195,,,,,,,,,2026-08-19,,any,any,any,any,,true,any,R3,seed_rates_v5.csv,,EUR,,,,,,published,SEEDABLE,URL_PENDIENTE_REVERIFICACION,0.8605,R1+R2+R3,primary_verified,,,,,,,
SK,SumUp,plus,in_store,,99,,1900,,,,230000,,,2026-08-19,,any,any,eea,standard,,false,any,R3,seed_rates_v5.csv,,EUR,,,,,,published,SEEDABLE,URL_PENDIENTE_REVERIFICACION,0.8605,R1+R2+R3,primary_verified,,,,,,,
SK,SumUp,plus,in_store,,195,,1900,,,,,,,2026-08-19,,any,any,non_eea,premium,,false,any,R3,seed_rates_v5.csv,,EUR,,,,,,published,SEEDABLE,URL_PENDIENTE_REVERIFICACION,0.8605,R1+R2+R3,primary_verified,,,,,,,
SK,SumUp,any,online,,250,,,,,,,,,2026-08-19,,any,any,any,any,,true,any,R3,seed_rates_v5.csv,,EUR,,,,,,published,SEEDABLE,URL_PENDIENTE_REVERIFICACION,0.8605,R1+R2+R3,primary_verified,,,,,,,
CH,SumUp,payg,in_store,,150,,,,,,,,,2026-08-19,,any,debit,domestic,standard,,false,any,R2,seed_rates_v5.csv,,CHF,,,,,,published,SEEDABLE,URL_PENDIENTE_REVERIFICACION,,R2,primary_verified,,,,,,,
CH,SumUp,payg,in_store,,250,,,,,,,,,2026-08-19,,any,credit,domestic,standard,,false,any,R2,seed_rates_v5.csv,,CHF,,,,,,published,SEEDABLE,URL_PENDIENTE_REVERIFICACION,,R2,primary_verified,,,,,,,
CH,SumUp,plus,in_store,,99,,2900,,,,470000,,,2026-08-19,,any,any,eea,standard,,false,any,R2,seed_rates_v5.csv,,CHF,,,,,,published,SEEDABLE,URL_PENDIENTE_REVERIFICACION,,R2,primary_verified,,,,,,,
CH,SumUp,plus,in_store,,199,,2900,,,,,,,2026-08-19,,any,any,non_eea,premium,,false,any,R2,seed_rates_v5.csv,,CHF,,,,,,published,SEEDABLE,CONTRAEJEMPLO: el Plus SI rebaja la clase cara (250->199). No derivar nunca. | URL_PENDIENTE_REVERIFICACION,,R2,primary_verified,,,,,,,
CH,SumUp,any,online,,250,,,,,,,,,2026-08-19,,any,any,any,any,,true,any,R2,seed_rates_v5.csv,,CHF,,,,,,published,SEEDABLE,URL_PENDIENTE_REVERIFICACION,,R2,primary_verified,,,,,,,
DK,Dankort,PERCENT,in_store,,55,,,,,,,dankort.dk/en-GB/priser,,2026-08-19,,dankort,debit,domestic,standard,,false,any,R3,seed_rates_v5.csv,,DKK,,,annual_transaction_count,0,499,published,SEEDABLE,,,R3,report_table,,,,,,,
DK,Dankort,PERCENT,in_store,,50,,,,,,,dankort.dk/en-GB/priser,,2026-08-19,,dankort,debit,domestic,standard,,false,any,R3,seed_rates_v5.csv,,DKK,,,annual_transaction_count,500,4999,published,SEEDABLE,,,R3,report_table,,,,,,,
DK,Dankort,PERCENT,in_store,,39,,,,,,,dankort.dk/en-GB/priser,,2026-08-19,,dankort,debit,domestic,standard,,false,any,R3,seed_rates_v5.csv,,DKK,,,annual_transaction_count,5000,9999,published,SEEDABLE,,,R3,report_table,,,,,,,
DK,Dankort,PERCENT,in_store,,28,,,,,,,dankort.dk/en-GB/priser,,2026-08-19,,dankort,debit,domestic,standard,,false,any,R3,seed_rates_v5.csv,,DKK,,,annual_transaction_count,10000,24999,published,SEEDABLE,,,R3,report_table,,,,,,,
DK,Dankort,PERCENT,in_store,,24,,,,,,,dankort.dk/en-GB/priser,,2026-08-19,,dankort,debit,domestic,standard,,false,any,R3,seed_rates_v5.csv,,DKK,,,annual_transaction_count,25000,99999,published,SEEDABLE,,,R3,report_table,,,,,,,
DK,Dankort,PERCENT,in_store,,22,,,,,,,dankort.dk/en-GB/priser,,2026-08-19,,dankort,debit,domestic,standard,,false,any,R3,seed_rates_v5.csv,,DKK,,,annual_transaction_count,100000,199999,published,SEEDABLE,,,R3,report_table,,,,,,,
DK,Dankort,PERCENT,in_store,,19,,,,,,,dankort.dk/en-GB/priser,,2026-08-19,,dankort,debit,domestic,standard,,false,any,R3,seed_rates_v5.csv,,DKK,,,annual_transaction_count,800000,,published,SEEDABLE,,,R3,report_table,,,,,,,
DK,Dankort,PERCENT,online,,36,,,,,,,dankort.dk/en-GB/priser,,2026-08-19,,dankort,debit,domestic,standard,,false,ecommerce_gateway,R3,seed_rates_v5.csv,5000,DKK,,,,,,published,SEEDABLE,"5000 es MINIMO mensual, no cuota mensual",,R3,report_table,,,,,,,
DK,Flatpay,flat,in_store,,99,,,,,,,,,2026-08-19,,any,any,any,any,,true,any,R3,seed_rates_v5.csv,,DKK,,,,,,published,SEEDABLE,Alquiler de terminal 0 DKK | URL_PENDIENTE_REVERIFICACION,,R3,report_table,,,,,,,
AT,Stripe,standard,online,,150,25,,,,,,,,2026-08-19,,any,any,eea,standard,,false,any,R3,seed_rates_v5.csv,,EUR,,,,,,published,SEEDABLE,URL_PENDIENTE_REVERIFICACION,,R2+R3,report_table,,,,,,,
AT,Stripe,standard,online,,280,25,,,,,,,,2026-08-19,,any,any,eea,premium,,false,any,R3,seed_rates_v5.csv,,EUR,,,,,,published,SEEDABLE,URL_PENDIENTE_REVERIFICACION,,R2+R3,report_table,,,,,,,
AT,Stripe,standard,online,,250,25,,,,,,,,2026-08-19,,any,any,uk,standard,,false,any,R3,seed_rates_v5.csv,,EUR,,,,,,published,SEEDABLE,URL_PENDIENTE_REVERIFICACION,,R2+R3,report_table,,,,,,,
AT,Stripe,standard,online,,315,25,,,,,,,,2026-08-19,,any,any,non_eea,standard,,false,any,R3,seed_rates_v5.csv,,EUR,,,,,,published,SEEDABLE,URL_PENDIENTE_REVERIFICACION,,R2+R3,report_table,,,,,,,
AT,Stripe,terminal,in_store,,140,10,,,,,,,,2026-08-19,,any,any,eea,standard,,false,any,R3,seed_rates_v5.csv,,EUR,,,,,,published,SEEDABLE,URL_PENDIENTE_REVERIFICACION,,R2+R3,report_table,,,,,,,
AT,Stripe,terminal,in_store,,290,10,,,,,,,,2026-08-19,,any,any,non_eea,standard,,false,any,R3,seed_rates_v5.csv,,EUR,,,,,,published,SEEDABLE,URL_PENDIENTE_REVERIFICACION,,R2+R3,report_table,,,,,,,
BE,Stripe,standard,online,,150,25,,,,,,,,2026-08-19,,any,any,eea,standard,,false,any,R3,seed_rates_v5.csv,,EUR,,,,,,published,SEEDABLE,URL_PENDIENTE_REVERIFICACION,,R2+R3,report_table,,,,,,,
BE,Stripe,standard,online,,280,25,,,,,,,,2026-08-19,,any,any,eea,premium,,false,any,R3,seed_rates_v5.csv,,EUR,,,,,,published,SEEDABLE,URL_PENDIENTE_REVERIFICACION,,R2+R3,report_table,,,,,,,
BE,Stripe,standard,online,,250,25,,,,,,,,2026-08-19,,any,any,uk,standard,,false,any,R3,seed_rates_v5.csv,,EUR,,,,,,published,SEEDABLE,URL_PENDIENTE_REVERIFICACION,,R2+R3,report_table,,,,,,,
BE,Stripe,standard,online,,315,25,,,,,,,,2026-08-19,,any,any,non_eea,standard,,false,any,R3,seed_rates_v5.csv,,EUR,,,,,,published,SEEDABLE,URL_PENDIENTE_REVERIFICACION,,R2+R3,report_table,,,,,,,
BE,Stripe,terminal,in_store,,140,10,,,,,,,,2026-08-19,,any,any,eea,standard,,false,any,R3,seed_rates_v5.csv,,EUR,,,,,,published,SEEDABLE,URL_PENDIENTE_REVERIFICACION,,R2+R3,report_table,,,,,,,
BE,Stripe,terminal,in_store,,290,10,,,,,,,,2026-08-19,,any,any,non_eea,standard,,false,any,R3,seed_rates_v5.csv,,EUR,,,,,,published,SEEDABLE,URL_PENDIENTE_REVERIFICACION,,R2+R3,report_table,,,,,,,
BG,Stripe,standard,online,,150,25,,,,,,,,2026-08-19,,any,any,eea,standard,,false,any,R3,seed_rates_v5.csv,,EUR,,,,,,published,SEEDABLE,URL_PENDIENTE_REVERIFICACION,,R2+R3,report_table,,,,,,,
BG,Stripe,standard,online,,280,25,,,,,,,,2026-08-19,,any,any,eea,premium,,false,any,R3,seed_rates_v5.csv,,EUR,,,,,,published,SEEDABLE,URL_PENDIENTE_REVERIFICACION,,R2+R3,report_table,,,,,,,
BG,Stripe,standard,online,,250,25,,,,,,,,2026-08-19,,any,any,uk,standard,,false,any,R3,seed_rates_v5.csv,,EUR,,,,,,published,SEEDABLE,URL_PENDIENTE_REVERIFICACION,,R2+R3,report_table,,,,,,,
BG,Stripe,standard,online,,315,25,,,,,,,,2026-08-19,,any,any,non_eea,standard,,false,any,R3,seed_rates_v5.csv,,EUR,,,,,,published,SEEDABLE,URL_PENDIENTE_REVERIFICACION,,R2+R3,report_table,,,,,,,
BG,Stripe,terminal,in_store,,140,10,,,,,,,,2026-08-19,,any,any,eea,standard,,false,any,R3,seed_rates_v5.csv,,EUR,,,,,,published,SEEDABLE,URL_PENDIENTE_REVERIFICACION,,R2+R3,report_table,,,,,,,
BG,Stripe,terminal,in_store,,290,10,,,,,,,,2026-08-19,,any,any,non_eea,standard,,false,any,R3,seed_rates_v5.csv,,EUR,,,,,,published,SEEDABLE,URL_PENDIENTE_REVERIFICACION,,R2+R3,report_table,,,,,,,
DE,Stripe,standard,online,,150,25,,,,,,,,2026-08-19,,any,any,eea,standard,,false,any,R3,seed_rates_v5.csv,,EUR,,,,,,published,SEEDABLE,URL_PENDIENTE_REVERIFICACION,,R2+R3,report_table,,,,,,,
DE,Stripe,standard,online,,280,25,,,,,,,,2026-08-19,,any,any,eea,premium,,false,any,R3,seed_rates_v5.csv,,EUR,,,,,,published,SEEDABLE,URL_PENDIENTE_REVERIFICACION,,R2+R3,report_table,,,,,,,
DE,Stripe,standard,online,,250,25,,,,,,,,2026-08-19,,any,any,uk,standard,,false,any,R3,seed_rates_v5.csv,,EUR,,,,,,published,SEEDABLE,URL_PENDIENTE_REVERIFICACION,,R2+R3,report_table,,,,,,,
DE,Stripe,standard,online,,315,25,,,,,,,,2026-08-19,,any,any,non_eea,standard,,false,any,R3,seed_rates_v5.csv,,EUR,,,,,,published,SEEDABLE,URL_PENDIENTE_REVERIFICACION,,R2+R3,report_table,,,,,,,
DE,Stripe,terminal,in_store,,140,10,,,,,,,,2026-08-19,,any,any,eea,standard,,false,any,R3,seed_rates_v5.csv,,EUR,,,,,,published,SEEDABLE,URL_PENDIENTE_REVERIFICACION,,R2+R3,report_table,,,,,,,
DE,Stripe,terminal,in_store,,290,10,,,,,,,,2026-08-19,,any,any,non_eea,standard,,false,any,R3,seed_rates_v5.csv,,EUR,,,,,,published,SEEDABLE,URL_PENDIENTE_REVERIFICACION,,R2+R3,report_table,,,,,,,
EE,Stripe,standard,online,,150,25,,,,,,,,2026-08-19,,any,any,eea,standard,,false,any,R3,seed_rates_v5.csv,,EUR,,,,,,published,SEEDABLE,URL_PENDIENTE_REVERIFICACION,,R2+R3,report_table,,,,,,,
EE,Stripe,standard,online,,280,25,,,,,,,,2026-08-19,,any,any,eea,premium,,false,any,R3,seed_rates_v5.csv,,EUR,,,,,,published,SEEDABLE,URL_PENDIENTE_REVERIFICACION,,R2+R3,report_table,,,,,,,
EE,Stripe,standard,online,,250,25,,,,,,,,2026-08-19,,any,any,uk,standard,,false,any,R3,seed_rates_v5.csv,,EUR,,,,,,published,SEEDABLE,URL_PENDIENTE_REVERIFICACION,,R2+R3,report_table,,,,,,,
EE,Stripe,standard,online,,315,25,,,,,,,,2026-08-19,,any,any,non_eea,standard,,false,any,R3,seed_rates_v5.csv,,EUR,,,,,,published,SEEDABLE,URL_PENDIENTE_REVERIFICACION,,R2+R3,report_table,,,,,,,
EE,Stripe,terminal,in_store,,140,10,,,,,,,,2026-08-19,,any,any,eea,standard,,false,any,R3,seed_rates_v5.csv,,EUR,,,,,,published,SEEDABLE,URL_PENDIENTE_REVERIFICACION,,R2+R3,report_table,,,,,,,
EE,Stripe,terminal,in_store,,290,10,,,,,,,,2026-08-19,,any,any,non_eea,standard,,false,any,R3,seed_rates_v5.csv,,EUR,,,,,,published,SEEDABLE,URL_PENDIENTE_REVERIFICACION,,R2+R3,report_table,,,,,,,
ES,Stripe,standard,online,,150,25,,,,,,stripe.com/es/pricing,"1,5 % + 0,25 EUR tarjetas estandar EEE",2026-08-19,,any,any,eea,standard,,false,any,R3,seed_rates_v5.csv,,EUR,,,,,,published,SEEDABLE,Reverificado 2026-08-22 en primaria,,R2+R3,report_table,,,,,,,
ES,Stripe,standard,online,,280,25,,,,,,stripe.com/es/pricing,"2,8 % + 0,25 EUR premium EEE",2026-08-19,,any,any,eea,premium,,false,any,R3,seed_rates_v5.csv,,EUR,,,,,,published,SEEDABLE,Reverificado 2026-08-22 en primaria,,R2+R3,report_table,,,,,,,
ES,Stripe,standard,online,,250,25,,,,,,stripe.com/es/pricing,"2,5 % + 0,25 EUR Reino Unido",2026-08-19,,any,any,uk,standard,,false,any,R3,seed_rates_v5.csv,,EUR,,,,,,published,SEEDABLE,Reverificado 2026-08-22 en primaria,,R2+R3,report_table,,,,,,,
ES,Stripe,standard,online,,315,25,,,,,,stripe.com/es/pricing,"3,15 % + 0,25 EUR internacionales",2026-08-19,,any,any,non_eea,standard,,false,any,R3,seed_rates_v5.csv,,EUR,,,,,,published,SEEDABLE,Reverificado 2026-08-22 en primaria,,R2+R3,report_table,,,,,,,
ES,Stripe,terminal,in_store,,140,10,,,,,,,,2026-08-19,,any,any,eea,standard,,false,any,R3,seed_rates_v5.csv,,EUR,,,,,,published,SEEDABLE,URL_CANDIDATA: stripe.com/es/pricing seccion Terminal — cita de terminal no capturada aun,,R2+R3,report_table,,,,,,,
ES,Stripe,terminal,in_store,,290,10,,,,,,,,2026-08-19,,any,any,non_eea,standard,,false,any,R3,seed_rates_v5.csv,,EUR,,,,,,published,SEEDABLE,URL_CANDIDATA: stripe.com/es/pricing seccion Terminal — cita de terminal no capturada aun,,R2+R3,report_table,,,,,,,
FI,Stripe,standard,online,,150,25,,,,,,,,2026-08-19,,any,any,eea,standard,,false,any,R3,seed_rates_v5.csv,,EUR,,,,,,published,SEEDABLE,URL_PENDIENTE_REVERIFICACION,,R2+R3,report_table,,,,,,,
FI,Stripe,standard,online,,280,25,,,,,,,,2026-08-19,,any,any,eea,premium,,false,any,R3,seed_rates_v5.csv,,EUR,,,,,,published,SEEDABLE,URL_PENDIENTE_REVERIFICACION,,R2+R3,report_table,,,,,,,
FI,Stripe,standard,online,,250,25,,,,,,,,2026-08-19,,any,any,uk,standard,,false,any,R3,seed_rates_v5.csv,,EUR,,,,,,published,SEEDABLE,URL_PENDIENTE_REVERIFICACION,,R2+R3,report_table,,,,,,,
FI,Stripe,standard,online,,315,25,,,,,,,,2026-08-19,,any,any,non_eea,standard,,false,any,R3,seed_rates_v5.csv,,EUR,,,,,,published,SEEDABLE,URL_PENDIENTE_REVERIFICACION,,R2+R3,report_table,,,,,,,
FI,Stripe,terminal,in_store,,140,10,,,,,,,,2026-08-19,,any,any,eea,standard,,false,any,R3,seed_rates_v5.csv,,EUR,,,,,,published,SEEDABLE,URL_PENDIENTE_REVERIFICACION,,R2+R3,report_table,,,,,,,
FI,Stripe,terminal,in_store,,290,10,,,,,,,,2026-08-19,,any,any,non_eea,standard,,false,any,R3,seed_rates_v5.csv,,EUR,,,,,,published,SEEDABLE,URL_PENDIENTE_REVERIFICACION,,R2+R3,report_table,,,,,,,
FR,Stripe,standard,online,,150,25,,,,,,,,2026-08-19,,any,any,eea,standard,,false,any,R3,seed_rates_v5.csv,,EUR,,,,,,published,SEEDABLE,URL_PENDIENTE_REVERIFICACION,,R2+R3,report_table,,,,,,,
FR,Stripe,standard,online,,280,25,,,,,,,,2026-08-19,,any,any,eea,premium,,false,any,R3,seed_rates_v5.csv,,EUR,,,,,,published,SEEDABLE,URL_PENDIENTE_REVERIFICACION,,R2+R3,report_table,,,,,,,
FR,Stripe,standard,online,,250,25,,,,,,,,2026-08-19,,any,any,uk,standard,,false,any,R3,seed_rates_v5.csv,,EUR,,,,,,published,SEEDABLE,URL_PENDIENTE_REVERIFICACION,,R2+R3,report_table,,,,,,,
FR,Stripe,standard,online,,315,25,,,,,,,,2026-08-19,,any,any,non_eea,standard,,false,any,R3,seed_rates_v5.csv,,EUR,,,,,,published,SEEDABLE,URL_PENDIENTE_REVERIFICACION,,R2+R3,report_table,,,,,,,
FR,Stripe,terminal,in_store,,140,10,,,,,,,,2026-08-19,,any,any,eea,standard,,false,any,R3,seed_rates_v5.csv,,EUR,,,,,,published,SEEDABLE,URL_PENDIENTE_REVERIFICACION,,R2+R3,report_table,,,,,,,
FR,Stripe,terminal,in_store,,290,10,,,,,,,,2026-08-19,,any,any,non_eea,standard,,false,any,R3,seed_rates_v5.csv,,EUR,,,,,,published,SEEDABLE,URL_PENDIENTE_REVERIFICACION,,R2+R3,report_table,,,,,,,
NL,Stripe,standard,online,,150,25,,,,,,,,2026-08-19,,any,any,eea,standard,,false,any,R3,seed_rates_v5.csv,,EUR,,,,,,published,SEEDABLE,URL_PENDIENTE_REVERIFICACION,,R2+R3,report_table,,,,,,,
NL,Stripe,standard,online,,280,25,,,,,,,,2026-08-19,,any,any,eea,premium,,false,any,R3,seed_rates_v5.csv,,EUR,,,,,,published,SEEDABLE,URL_PENDIENTE_REVERIFICACION,,R2+R3,report_table,,,,,,,
NL,Stripe,standard,online,,250,25,,,,,,,,2026-08-19,,any,any,uk,standard,,false,any,R3,seed_rates_v5.csv,,EUR,,,,,,published,SEEDABLE,URL_PENDIENTE_REVERIFICACION,,R2+R3,report_table,,,,,,,
NL,Stripe,standard,online,,315,25,,,,,,,,2026-08-19,,any,any,non_eea,standard,,false,any,R3,seed_rates_v5.csv,,EUR,,,,,,published,SEEDABLE,URL_PENDIENTE_REVERIFICACION,,R2+R3,report_table,,,,,,,
NL,Stripe,terminal,in_store,,140,10,,,,,,,,2026-08-19,,any,any,eea,standard,,false,any,R3,seed_rates_v5.csv,,EUR,,,,,,published,SEEDABLE,URL_PENDIENTE_REVERIFICACION,,R2+R3,report_table,,,,,,,
NL,Stripe,terminal,in_store,,290,10,,,,,,,,2026-08-19,,any,any,non_eea,standard,,false,any,R3,seed_rates_v5.csv,,EUR,,,,,,published,SEEDABLE,URL_PENDIENTE_REVERIFICACION,,R2+R3,report_table,,,,,,,
CZ,Stripe,standard,online,,150,650,,,,,,,,2026-08-19,,any,any,eea,standard,,false,any,R3,seed_rates_v5.csv,,CZK,,,,,,published,SEEDABLE,URL_PENDIENTE_REVERIFICACION,,R2+R3,report_table,,,,,,,
CZ,Stripe,standard,online,,280,650,,,,,,,,2026-08-19,,any,any,eea,premium,,false,any,R3,seed_rates_v5.csv,,CZK,,,,,,published,SEEDABLE,URL_PENDIENTE_REVERIFICACION,,R2+R3,report_table,,,,,,,
CZ,Stripe,terminal,in_store,,140,225,,,,,,,,2026-08-19,,any,any,eea,standard,,false,any,R3,seed_rates_v5.csv,,CZK,,,,,,published,SEEDABLE,URL_PENDIENTE_REVERIFICACION,,R2+R3,report_table,,,,,,,
CZ,Stripe,terminal,in_store,,290,225,,,,,,,,2026-08-19,,any,any,non_eea,standard,,false,any,R3,seed_rates_v5.csv,,CZK,,,,,,published,SEEDABLE,URL_PENDIENTE_REVERIFICACION,,R2+R3,report_table,,,,,,,
DK,Stripe,standard,online,,150,180,,,,,,,,2026-08-19,,any,any,eea,standard,,false,any,R3,seed_rates_v5.csv,,DKK,,,,,,published,SEEDABLE,URL_PENDIENTE_REVERIFICACION,,R2+R3,report_table,,,,,,,
DK,Stripe,standard,online,,280,180,,,,,,,,2026-08-19,,any,any,eea,premium,,false,any,R3,seed_rates_v5.csv,,DKK,,,,,,published,SEEDABLE,URL_PENDIENTE_REVERIFICACION,,R2+R3,report_table,,,,,,,
DK,Stripe,terminal,in_store,,140,75,,,,,,,,2026-08-19,,any,any,eea,standard,,false,any,R3,seed_rates_v5.csv,,DKK,,,,,,published,SEEDABLE,URL_PENDIENTE_REVERIFICACION,,R2+R3,report_table,,,,,,,
DK,Stripe,terminal,in_store,,290,75,,,,,,,,2026-08-19,,any,any,non_eea,standard,,false,any,R3,seed_rates_v5.csv,,DKK,,,,,,published,SEEDABLE,URL_PENDIENTE_REVERIFICACION,,R2+R3,report_table,,,,,,,
SE,Stripe,standard,online,,150,180,,,,,,,,2026-08-19,,any,any,eea,standard,,false,any,R3,seed_rates_v5.csv,,SEK,,,,,,published,SEEDABLE,URL_PENDIENTE_REVERIFICACION,,R2+R3,report_table,,,,,,,
SE,Stripe,standard,online,,280,180,,,,,,,,2026-08-19,,any,any,eea,premium,,false,any,R3,seed_rates_v5.csv,,SEK,,,,,,published,SEEDABLE,URL_PENDIENTE_REVERIFICACION,,R2+R3,report_table,,,,,,,
SE,Stripe,terminal,in_store,,140,100,,,,,,,,2026-08-19,,any,any,eea,standard,,false,any,R3,seed_rates_v5.csv,,SEK,,,,,,published,SEEDABLE,URL_PENDIENTE_REVERIFICACION,,R2+R3,report_table,,,,,,,
SE,Stripe,terminal,in_store,,290,100,,,,,,,,2026-08-19,,any,any,non_eea,standard,,false,any,R3,seed_rates_v5.csv,,SEK,,,,,,published,SEEDABLE,URL_PENDIENTE_REVERIFICACION,,R2+R3,report_table,,,,,,,
NO,Stripe,standard,online,,240,200,,,,,,,,2026-08-19,,any,any,eea,standard,,false,any,R3,seed_rates_v5.csv,,NOK,,,,,,published,SEEDABLE,URL_PENDIENTE_REVERIFICACION,,R2+R3,report_table,,,,,,,
NO,Stripe,standard,online,,325,200,,,,,,,,2026-08-19,,any,any,non_eea,standard,,false,any,R3,seed_rates_v5.csv,,NOK,,,,,,published,SEEDABLE,URL_PENDIENTE_REVERIFICACION,,R2+R3,report_table,,,,,,,
NO,Stripe,terminal,in_store,,140,100,,,,,,,,2026-08-19,,any,any,eea,standard,,false,any,R3,seed_rates_v5.csv,,NOK,,,,,,published,SEEDABLE,URL_PENDIENTE_REVERIFICACION,,R2+R3,report_table,,,,,,,
NO,Stripe,terminal,in_store,,290,100,,,,,,,,2026-08-19,,any,any,non_eea,standard,,false,any,R3,seed_rates_v5.csv,,NOK,,,,,,published,SEEDABLE,URL_PENDIENTE_REVERIFICACION,,R2+R3,report_table,,,,,,,
CH,Stripe,standard,online,,290,30,,,,,,,,2026-08-19,,any,any,domestic,standard,,false,any,R3,seed_rates_v5.csv,,CHF,,,,,,published,SEEDABLE,URL_PENDIENTE_REVERIFICACION,,R2+R3,report_table,,,,,,,
CH,Stripe,standard,online,,325,30,,,,,,,,2026-08-19,,any,any,non_eea,standard,,false,any,R3,seed_rates_v5.csv,,CHF,,,,,,published,SEEDABLE,URL_PENDIENTE_REVERIFICACION,,R2+R3,report_table,,,,,,,
CH,Stripe,terminal,in_store,,140,10,,,,,,,,2026-08-19,,any,any,eea,standard,,false,any,R3,seed_rates_v5.csv,,CHF,,,,,,published,SEEDABLE,URL_PENDIENTE_REVERIFICACION,,R2+R3,report_table,,,,,,,
CH,Stripe,terminal,in_store,,290,10,,,,,,,,2026-08-19,,any,any,non_eea,standard,,false,any,R3,seed_rates_v5.csv,,CHF,,,,,,published,SEEDABLE,URL_PENDIENTE_REVERIFICACION,,R2+R3,report_table,,,,,,,
GB,Stripe,standard,online,,150,20,,,,,,,,2026-08-19,,any,any,domestic,standard,,false,any,R3,seed_rates_v5.csv,,GBP,,,,,,published,SEEDABLE,URL_PENDIENTE_REVERIFICACION,,R2+R3,report_table,,,,,,,
GB,Stripe,standard,online,,280,20,,,,,,,,2026-08-19,,any,any,domestic,premium,,false,any,R3,seed_rates_v5.csv,,GBP,,,,,,published,SEEDABLE,URL_PENDIENTE_REVERIFICACION,,R2+R3,report_table,,,,,,,
GB,Stripe,standard,online,,250,20,,,,,,,,2026-08-19,,any,any,eea,standard,,false,any,R3,seed_rates_v5.csv,,GBP,,,,,,published,SEEDABLE,URL_PENDIENTE_REVERIFICACION,,R2+R3,report_table,,,,,,,
GB,Stripe,standard,online,,315,20,,,,,,,,2026-08-19,,any,any,non_eea,standard,,false,any,R3,seed_rates_v5.csv,,GBP,,,,,,published,SEEDABLE,URL_PENDIENTE_REVERIFICACION,,R2+R3,report_table,,,,,,,
GB,Stripe,terminal,in_store,,140,10,,,,,,,,2026-08-19,,any,any,eea,standard,,false,any,R3,seed_rates_v5.csv,,GBP,,,,,,published,SEEDABLE,URL_PENDIENTE_REVERIFICACION,,R2+R3,report_table,,,,,,,
GB,Stripe,terminal,in_store,,290,10,,,,,,,,2026-08-19,,any,any,non_eea,standard,,false,any,R3,seed_rates_v5.csv,,GBP,,,,,,published,SEEDABLE,URL_PENDIENTE_REVERIFICACION,,R2+R3,report_table,,,,,,,
GB,myPOS,payg,in_store,,110,7,,,,,,,,2026-08-19,,any,any,domestic,standard,,false,any,R3,seed_rates_v5.csv,,GBP,0,1000000,,,,published,SEEDABLE,Banda <10.000 GBP/mes | URL_PENDIENTE_REVERIFICACION,,R1+R2+R3,report_table,,,,,,,
GB,myPOS,payg,in_store,,220,7,,,,,,,,2026-08-19,,any,any,eea,standard,,false,any,R3,seed_rates_v5.csv,,GBP,0,1000000,,,,published,SEEDABLE,URL_PENDIENTE_REVERIFICACION,,R1+R2+R3,report_table,,,,,,,
GB,myPOS,payg,in_store,,285,7,,,,,,,,2026-08-19,,any,any,any,commercial,,true,any,R3,seed_rates_v5.csv,,GBP,0,1000000,,,,published,SEEDABLE,Otras consumer y commercial | URL_PENDIENTE_REVERIFICACION,,R1+R2+R3,report_table,,,,,,,
ES,myPOS,payg,in_store,,145,5,,,,,,,,2026-08-19,,any,any,eea,standard,,false,any,R3,seed_rates_v5.csv,,EUR,0,1000000,,,,published,SEEDABLE,Banda <10.000 EUR/mes | URL_PENDIENTE_REVERIFICACION,,R1+R2+R3,report_table,,,,,,,
ES,myPOS,payg,in_store,,285,5,,,,,,,,2026-08-19,,any,any,any,commercial,,true,any,R3,seed_rates_v5.csv,,EUR,0,1000000,,,,published,SEEDABLE,URL_PENDIENTE_REVERIFICACION,,R1+R2+R3,report_table,,,,,,,
ES,myPOS,payg,online,,130,20,,,,,,,,2026-08-19,,any,any,eea,standard,,false,any,R3,seed_rates_v5.csv,,EUR,0,1000000,,,,published,SEEDABLE,URL_PENDIENTE_REVERIFICACION,,R1+R2+R3,report_table,,,,,,,
ES,myPOS,payg,online,,290,20,,,,,,,,2026-08-19,,any,any,any,commercial,,true,any,R3,seed_rates_v5.csv,,EUR,0,1000000,,,,published,SEEDABLE,URL_PENDIENTE_REVERIFICACION,,R1+R2+R3,report_table,,,,,,,
FR,myPOS,payg,in_store,,169,0,,,,,,,,2026-08-19,,any,any,eea,standard,,false,any,R3,seed_rates_v5.csv,,EUR,0,1000000,,,,published,SEEDABLE,URL_PENDIENTE_REVERIFICACION,,R1+R2+R3,report_table,,,,,,,
FR,myPOS,payg,in_store,,289,0,,,,,,,,2026-08-19,,any,any,any,commercial,,true,any,R3,seed_rates_v5.csv,,EUR,0,1000000,,,,published,SEEDABLE,URL_PENDIENTE_REVERIFICACION,,R1+R2+R3,report_table,,,,,,,
FR,myPOS,payg,online,,130,20,,,,,,,,2026-08-19,,any,any,eea,standard,,false,any,R3,seed_rates_v5.csv,,EUR,0,1000000,,,,published,SEEDABLE,URL_PENDIENTE_REVERIFICACION,,R1+R2+R3,report_table,,,,,,,
FR,myPOS,payg,online,,290,20,,,,,,,,2026-08-19,,any,any,any,commercial,,true,any,R3,seed_rates_v5.csv,,EUR,0,1000000,,,,published,SEEDABLE,URL_PENDIENTE_REVERIFICACION,,R1+R2+R3,report_table,,,,,,,
GB,Square,standard,in_store,,175,0,,,,,,squareup.com/gb/en/pricing,,2026-08-19,,any,any,domestic,standard,,false,any,R3,seed_rates_v5.csv,,GBP,,,,,,published,SEEDABLE,"URL_CANDIDATA con cotejo secundario 07/2026 (1,75%/1,4%+25p exactos); cita primaria pendiente. Recargo intl +1,5% SI primario en squareup.com/gb/en/legal/general/fees",,R1+R2+R3,report_table,,,,,,,
GB,Square,standard,online,,140,25,,,,,,squareup.com/gb/en/pricing,,2026-08-19,,any,any,domestic,standard,,false,any,R3,seed_rates_v5.csv,,GBP,,,,,,published,SEEDABLE,"URL_CANDIDATA con cotejo secundario 07/2026 (1,75%/1,4%+25p exactos); cita primaria pendiente. Recargo intl +1,5% SI primario en squareup.com/gb/en/legal/general/fees",,R1+R2+R3,report_table,,,,,,,
GB,Square,standard,online,,250,25,,,,,,squareup.com/gb/en/pricing,,2026-08-19,,any,any,non_eea,standard,,false,any,R3,seed_rates_v5.csv,,GBP,,,,,,published,SEEDABLE,"URL_CANDIDATA con cotejo secundario 07/2026 (1,75%/1,4%+25p exactos); cita primaria pendiente. Recargo intl +1,5% SI primario en squareup.com/gb/en/legal/general/fees",,R1+R2+R3,report_table,,,,,,,
IE,Square,standard,in_store,,175,0,,,,,,,,2026-08-19,,any,any,eea,standard,,false,any,R3,seed_rates_v5.csv,,EUR,,,,,,published,SEEDABLE,URL_PENDIENTE_REVERIFICACION,,R1+R2+R3,report_table,,,,,,,
IE,Square,standard,online,,140,25,,,,,,,,2026-08-19,,any,any,eea,standard,,false,any,R3,seed_rates_v5.csv,,EUR,,,,,,published,SEEDABLE,URL_PENDIENTE_REVERIFICACION,,R1+R2+R3,report_table,,,,,,,
IE,Square,standard,online,,290,25,,,,,,,,2026-08-19,,any,any,non_eea,standard,,false,any,R3,seed_rates_v5.csv,,EUR,,,,,,published,SEEDABLE,URL_PENDIENTE_REVERIFICACION,,R1+R2+R3,report_table,,,,,,,
FR,Square,standard,in_store,,165,0,,,,,,,,2026-08-19,,any,any,eea,standard,,false,any,R3,seed_rates_v5.csv,,EUR,,,,,,published,SEEDABLE,URL_PENDIENTE_REVERIFICACION,,R1+R2+R3,report_table,,,,,,,
FR,Square,standard,online,,140,25,,,,,,,,2026-08-19,,any,any,eea,standard,,false,any,R3,seed_rates_v5.csv,,EUR,,,,,,published,SEEDABLE,URL_PENDIENTE_REVERIFICACION,,R1+R2+R3,report_table,,,,,,,
ES,PayPal,pos,in_store,,149,0,,,,,,,,2026-08-19,,any,any,any,standard,,true,any,R3,seed_rates_v5.csv,,EUR,,,,,,published,SEEDABLE,"POS, tarifa nacional | URL_PENDIENTE_REVERIFICACION",,R1+R2+R3,report_table,,,,,,,
ES,PayPal,standard,online,,120,35,,,,,,,,2026-08-19,,any,any,domestic,standard,,false,any,R3,seed_rates_v5.csv,,EUR,,,,,,published,SEEDABLE,URL_PENDIENTE_REVERIFICACION,,R1+R2+R3,report_table,,,,,,,
GB,PayPal,pos,in_store,,175,0,,,,,,,,2026-08-19,,any,any,any,standard,,true,any,R3,seed_rates_v5.csv,,GBP,,,,,,published,SEEDABLE,Antes Zettle. Incluye Amex. | URL_PENDIENTE_REVERIFICACION,,R1+R2+R3,report_table,,,,,,,
PL,PeP,starter,online,,170,0,,,,,,,,2026-08-19,,any,any,any,standard,,true,any,R3,seed_rates_v5.csv,,PLN,,,,,,published,SEEDABLE,Sin cuota mensual | URL_PENDIENTE_REVERIFICACION,,R1+R2+R3,report_table,,,,,,,
